date,material_code,city,price_paise_per_kg,volume_kg
2026-06-21,PCB,Mumbai,42835,302
2026-06-22,PCB,Mumbai,43146,1203
2026-06-23,PCB,Mumbai,42118,619
2026-06-24,PCB,Mumbai,41516,2433
2026-06-25,PCB,Mumbai,40646,1928
2026-06-26,PCB,Mumbai,40422,583
2026-06-27,PCB,Mumbai,40863,2269
2026-06-28,PCB,Mumbai,41629,2498
2026-06-29,PCB,Mumbai,41253,2432
2026-06-30,PCB,Mumbai,40510,2039
2026-07-01,PCB,Mumbai,39826,226
2026-07-02,PCB,Mumbai,39787,853
2026-07-03,PCB,Mumbai,40371,1593
2026-07-04,PCB,Mumbai,40884,1081
2026-07-05,PCB,Mumbai,42093,1578
2026-07-06,PCB,Mumbai,41590,1756
2026-07-07,PCB,Mumbai,40445,1608
2026-07-08,PCB,Mumbai,39779,377
2026-07-09,PCB,Mumbai,39706,2396
2026-07-10,PCB,Mumbai,39600,1750
2026-07-11,PCB,Mumbai,39862,1400
2026-07-12,PCB,Mumbai,40885,1681
2026-07-13,PCB,Mumbai,40980,484
2026-07-14,PCB,Mumbai,39790,1133
2026-07-15,PCB,Mumbai,39333,526
2026-07-16,PCB,Mumbai,39408,613
2026-07-17,PCB,Mumbai,39607,2057
2026-07-18,PCB,Mumbai,40543,1694
2026-07-19,PCB,Mumbai,40761,1655
2026-07-20,PCB,Mumbai,40405,1293
2026-07-21,PCB,Mumbai,40014,492
2026-07-22,PCB,Mumbai,39363,900
2026-07-23,PCB,Mumbai,39061,1202
2026-07-24,PCB,Mumbai,39002,1754
2026-07-25,PCB,Mumbai,39488,2481
2026-07-26,PCB,Mumbai,39768,1528
2026-07-27,PCB,Mumbai,40177,429
2026-07-28,PCB,Mumbai,39228,331
2026-07-29,PCB,Mumbai,38815,1843
2026-07-30,PCB,Mumbai,38210,1064
2026-07-31,PCB,Mumbai,39019,1488
2026-08-01,PCB,Mumbai,39437,2244
2026-08-02,PCB,Mumbai,39928,2079
2026-08-03,PCB,Mumbai,39500,771
2026-08-04,PCB,Mumbai,38587,2499
2026-08-05,PCB,Mumbai,37879,1954
2026-08-06,PCB,Mumbai,37998,1835
2026-08-07,PCB,Mumbai,38169,766
2026-08-08,PCB,Mumbai,38925,572
2026-08-09,PCB,Mumbai,39837,649
2026-08-10,PCB,Mumbai,39422,855
2026-08-11,PCB,Mumbai,39146,1929
2026-08-12,PCB,Mumbai,38493,1776
2026-08-13,PCB,Mumbai,38024,2117
2026-08-14,PCB,Mumbai,38387,2466
2026-08-15,PCB,Mumbai,39559,247
2026-08-16,PCB,Mumbai,40395,669
2026-08-17,PCB,Mumbai,40615,2399
2026-08-18,PCB,Mumbai,40281,1593
2026-08-19,PCB,Mumbai,39035,1980
2026-08-20,PCB,Mumbai,38300,213
2026-08-21,PCB,Mumbai,39158,1278
2026-08-22,PCB,Mumbai,40487,931
2026-08-23,PCB,Mumbai,41129,635
2026-08-24,PCB,Mumbai,41587,1422
2026-08-25,PCB,Mumbai,41356,2279
2026-08-26,PCB,Mumbai,40682,826
2026-08-27,PCB,Mumbai,40177,861
2026-08-28,PCB,Mumbai,40573,2372
2026-08-29,PCB,Mumbai,41884,1527
2026-08-30,PCB,Mumbai,42524,658
2026-08-31,PCB,Mumbai,43071,1459
2026-09-01,PCB,Mumbai,42066,1186
2026-09-02,PCB,Mumbai,41714,522
2026-09-03,PCB,Mumbai,40838,2190
2026-09-04,PCB,Mumbai,41583,2381
2026-09-05,PCB,Mumbai,42732,725
2026-09-06,PCB,Mumbai,43608,2451
2026-09-07,PCB,Mumbai,43170,2361
2026-09-08,PCB,Mumbai,42970,1933
2026-09-09,PCB,Mumbai,42719,2408
2026-09-10,PCB,Mumbai,42672,1023
2026-09-11,PCB,Mumbai,43318,1834
2026-09-12,PCB,Mumbai,44818,1729
2026-09-13,PCB,Mumbai,45434,2319
2026-09-14,PCB,Mumbai,45368,1215
2026-09-15,PCB,Mumbai,44290,1584
2026-09-16,PCB,Mumbai,42802,2468
2026-09-17,PCB,Mumbai,42088,1102
2026-09-18,PCB,Mumbai,41825,441
2026-06-21,PCB,Delhi,41101,328
2026-06-22,PCB,Delhi,41544,490
2026-06-23,PCB,Delhi,40912,1340
2026-06-24,PCB,Delhi,40318,1077
2026-06-25,PCB,Delhi,40015,2136
2026-06-26,PCB,Delhi,40051,2137
2026-06-27,PCB,Delhi,41209,979
2026-06-28,PCB,Delhi,41344,1965
2026-06-29,PCB,Delhi,41163,1883
2026-06-30,PCB,Delhi,40479,421
2026-07-01,PCB,Delhi,39896,603
2026-07-02,PCB,Delhi,39029,1589
2026-07-03,PCB,Delhi,39722,647
2026-07-04,PCB,Delhi,40192,979
2026-07-05,PCB,Delhi,40865,774
2026-07-06,PCB,Delhi,40769,1340
2026-07-07,PCB,Delhi,40086,508
2026-07-08,PCB,Delhi,39238,2454
2026-07-09,PCB,Delhi,38428,2414
2026-07-10,PCB,Delhi,39152,582
2026-07-11,PCB,Delhi,40426,1168
2026-07-12,PCB,Delhi,40647,2189
2026-07-13,PCB,Delhi,40624,1842
2026-07-14,PCB,Delhi,40472,874
2026-07-15,PCB,Delhi,39539,1799
2026-07-16,PCB,Delhi,38920,2063
2026-07-17,PCB,Delhi,39004,2476
2026-07-18,PCB,Delhi,39958,2193
2026-07-19,PCB,Delhi,40163,1415
2026-07-20,PCB,Delhi,39822,439
2026-07-21,PCB,Delhi,39293,2420
2026-07-22,PCB,Delhi,38019,1484
2026-07-23,PCB,Delhi,37189,2152
2026-07-24,PCB,Delhi,37515,2375
2026-07-25,PCB,Delhi,37853,2280
2026-07-26,PCB,Delhi,37961,961
2026-07-27,PCB,Delhi,37469,478
2026-07-28,PCB,Delhi,37077,1163
2026-07-29,PCB,Delhi,36249,1208
2026-07-30,PCB,Delhi,36020,362
2026-07-31,PCB,Delhi,36463,1917
2026-08-01,PCB,Delhi,37349,2341
2026-08-02,PCB,Delhi,37724,1268
2026-08-03,PCB,Delhi,37389,1486
2026-08-04,PCB,Delhi,36516,1821
2026-08-05,PCB,Delhi,35408,1428
2026-08-06,PCB,Delhi,35055,497
2026-08-07,PCB,Delhi,34839,609
2026-08-08,PCB,Delhi,35064,1073
2026-08-09,PCB,Delhi,35618,742
2026-08-10,PCB,Delhi,36081,481
2026-08-11,PCB,Delhi,35921,1713
2026-08-12,PCB,Delhi,34994,1994
2026-08-13,PCB,Delhi,35037,1439
2026-08-14,PCB,Delhi,35460,2366
2026-08-15,PCB,Delhi,35617,2471
2026-08-16,PCB,Delhi,35957,624
2026-08-17,PCB,Delhi,36430,750
2026-08-18,PCB,Delhi,35607,638
2026-08-19,PCB,Delhi,35167,836
2026-08-20,PCB,Delhi,34623,1062
2026-08-21,PCB,Delhi,35152,1033
2026-08-22,PCB,Delhi,36039,1281
2026-08-23,PCB,Delhi,36608,1228
2026-08-24,PCB,Delhi,37053,408
2026-08-25,PCB,Delhi,36028,1934
2026-08-26,PCB,Delhi,35674,380
2026-08-27,PCB,Delhi,34838,735
2026-08-28,PCB,Delhi,35285,1272
2026-08-29,PCB,Delhi,35608,2009
2026-08-30,PCB,Delhi,36221,1951
2026-08-31,PCB,Delhi,36287,658
2026-09-01,PCB,Delhi,35264,810
2026-09-02,PCB,Delhi,34624,1712
2026-09-03,PCB,Delhi,34408,806
2026-09-04,PCB,Delhi,34634,371
2026-09-05,PCB,Delhi,35106,363
2026-09-06,PCB,Delhi,36082,1060
2026-09-07,PCB,Delhi,36279,621
2026-09-08,PCB,Delhi,35555,2493
2026-09-09,PCB,Delhi,35263,1864
2026-09-10,PCB,Delhi,35454,833
2026-09-11,PCB,Delhi,36219,1169
2026-09-12,PCB,Delhi,37329,925
2026-09-13,PCB,Delhi,38346,301
2026-09-14,PCB,Delhi,37977,1560
2026-09-15,PCB,Delhi,37700,1886
2026-09-16,PCB,Delhi,37300,1216
2026-09-17,PCB,Delhi,36718,642
2026-09-18,PCB,Delhi,36906,358
2026-06-21,PCB,Bengaluru,40241,1111
2026-06-22,PCB,Bengaluru,39879,2085
2026-06-23,PCB,Bengaluru,39078,1132
2026-06-24,PCB,Bengaluru,37997,991
2026-06-25,PCB,Bengaluru,37553,1341
2026-06-26,PCB,Bengaluru,38293,1343
2026-06-27,PCB,Bengaluru,38865,2286
2026-06-28,PCB,Bengaluru,39354,2396
2026-06-29,PCB,Bengaluru,39155,313
2026-06-30,PCB,Bengaluru,38098,1269
2026-07-01,PCB,Bengaluru,36995,1287
2026-07-02,PCB,Bengaluru,36166,1979
2026-07-03,PCB,Bengaluru,36311,1484
2026-07-04,PCB,Bengaluru,36948,2294
2026-07-05,PCB,Bengaluru,37093,978
2026-07-06,PCB,Bengaluru,36820,1986
2026-07-07,PCB,Bengaluru,35703,2405
2026-07-08,PCB,Bengaluru,35203,1007
2026-07-09,PCB,Bengaluru,34755,486
2026-07-10,PCB,Bengaluru,35529,1552
2026-07-11,PCB,Bengaluru,36355,710
2026-07-12,PCB,Bengaluru,37167,1430
2026-07-13,PCB,Bengaluru,37175,1872
2026-07-14,PCB,Bengaluru,36403,1411
2026-07-15,PCB,Bengaluru,35751,985
2026-07-16,PCB,Bengaluru,35357,1752
2026-07-17,PCB,Bengaluru,35853,912
2026-07-18,PCB,Bengaluru,36679,1432
2026-07-19,PCB,Bengaluru,37147,201
2026-07-20,PCB,Bengaluru,36929,1060
2026-07-21,PCB,Bengaluru,36275,1519
2026-07-22,PCB,Bengaluru,35530,2011
2026-07-23,PCB,Bengaluru,35408,2293
2026-07-24,PCB,Bengaluru,35686,895
2026-07-25,PCB,Bengaluru,36555,1362
2026-07-26,PCB,Bengaluru,37144,1572
2026-07-27,PCB,Bengaluru,36691,1162
2026-07-28,PCB,Bengaluru,36305,1120
2026-07-29,PCB,Bengaluru,35924,803
2026-07-30,PCB,Bengaluru,35104,1202
2026-07-31,PCB,Bengaluru,35923,498
2026-08-01,PCB,Bengaluru,36574,996
2026-08-02,PCB,Bengaluru,37390,1772
2026-08-03,PCB,Bengaluru,37383,1199
2026-08-04,PCB,Bengaluru,36410,222
2026-08-05,PCB,Bengaluru,36120,636
2026-08-06,PCB,Bengaluru,36106,1096
2026-08-07,PCB,Bengaluru,36065,2321
2026-08-08,PCB,Bengaluru,36729,2483
2026-08-09,PCB,Bengaluru,37023,697
2026-08-10,PCB,Bengaluru,36975,2103
2026-08-11,PCB,Bengaluru,36579,2489
2026-08-12,PCB,Bengaluru,35969,2012
2026-08-13,PCB,Bengaluru,35777,2267
2026-08-14,PCB,Bengaluru,36008,2444
2026-08-15,PCB,Bengaluru,36651,851
2026-08-16,PCB,Bengaluru,37496,2144
2026-08-17,PCB,Bengaluru,37440,1212
2026-08-18,PCB,Bengaluru,37230,1335
2026-08-19,PCB,Bengaluru,36795,2335
2026-08-20,PCB,Bengaluru,36459,1179
2026-08-21,PCB,Bengaluru,36527,517
2026-08-22,PCB,Bengaluru,37478,1160
2026-08-23,PCB,Bengaluru,37803,1509
2026-08-24,PCB,Bengaluru,38249,530
2026-08-25,PCB,Bengaluru,37242,1147
2026-08-26,PCB,Bengaluru,36388,825
2026-08-27,PCB,Bengaluru,36296,463
2026-08-28,PCB,Bengaluru,36517,1555
2026-08-29,PCB,Bengaluru,37277,1903
2026-08-30,PCB,Bengaluru,37362,1920
2026-08-31,PCB,Bengaluru,37238,280
2026-09-01,PCB,Bengaluru,37048,1758
2026-09-02,PCB,Bengaluru,36301,1640
2026-09-03,PCB,Bengaluru,35769,1797
2026-09-04,PCB,Bengaluru,36462,1916
2026-09-05,PCB,Bengaluru,37215,2436
2026-09-06,PCB,Bengaluru,38137,1103
2026-09-07,PCB,Bengaluru,38124,1317
2026-09-08,PCB,Bengaluru,37455,318
2026-09-09,PCB,Bengaluru,36602,1856
2026-09-10,PCB,Bengaluru,36529,2114
2026-09-11,PCB,Bengaluru,37310,2387
2026-09-12,PCB,Bengaluru,37497,1813
2026-09-13,PCB,Bengaluru,38189,311
2026-09-14,PCB,Bengaluru,37712,1955
2026-09-15,PCB,Bengaluru,36717,2091
2026-09-16,PCB,Bengaluru,35657,1265
2026-09-17,PCB,Bengaluru,35219,1066
2026-09-18,PCB,Bengaluru,35477,1582
2026-06-21,PCB,Pune,40944,1752
2026-06-22,PCB,Pune,40671,1926
2026-06-23,PCB,Pune,39738,535
2026-06-24,PCB,Pune,38928,2409
2026-06-25,PCB,Pune,38072,1633
2026-06-26,PCB,Pune,38085,481
2026-06-27,PCB,Pune,39155,364
2026-06-28,PCB,Pune,40070,1212
2026-06-29,PCB,Pune,39709,283
2026-06-30,PCB,Pune,39230,1177
2026-07-01,PCB,Pune,38034,668
2026-07-02,PCB,Pune,37776,1092
2026-07-03,PCB,Pune,38064,1249
2026-07-04,PCB,Pune,39117,887
2026-07-05,PCB,Pune,39855,669
2026-07-06,PCB,Pune,40187,870
2026-07-07,PCB,Pune,40110,642
2026-07-08,PCB,Pune,39421,1477
2026-07-09,PCB,Pune,39168,1737
2026-07-10,PCB,Pune,39385,1012
2026-07-11,PCB,Pune,39642,1194
2026-07-12,PCB,Pune,39782,1435
2026-07-13,PCB,Pune,40200,695
2026-07-14,PCB,Pune,39923,368
2026-07-15,PCB,Pune,38965,1954
2026-07-16,PCB,Pune,38814,482
2026-07-17,PCB,Pune,39158,1597
2026-07-18,PCB,Pune,39337,1920
2026-07-19,PCB,Pune,40339,632
2026-07-20,PCB,Pune,40258,1683
2026-07-21,PCB,Pune,39790,2083
2026-07-22,PCB,Pune,39257,1983
2026-07-23,PCB,Pune,38538,2337
2026-07-24,PCB,Pune,39415,1306
2026-07-25,PCB,Pune,40324,2404
2026-07-26,PCB,Pune,41292,2104
2026-07-27,PCB,Pune,41212,1299
2026-07-28,PCB,Pune,40351,1205
2026-07-29,PCB,Pune,39957,554
2026-07-30,PCB,Pune,39348,2046
2026-07-31,PCB,Pune,39384,2103
2026-08-01,PCB,Pune,40236,1752
2026-08-02,PCB,Pune,40665,2224
2026-08-03,PCB,Pune,41093,944
2026-08-04,PCB,Pune,40435,1653
2026-08-05,PCB,Pune,40001,1594
2026-08-06,PCB,Pune,39392,1331
2026-08-07,PCB,Pune,39800,2316
2026-08-08,PCB,Pune,41122,550
2026-08-09,PCB,Pune,41440,1864
2026-08-10,PCB,Pune,41426,1184
2026-08-11,PCB,Pune,41012,2210
2026-08-12,PCB,Pune,40149,270
2026-08-13,PCB,Pune,39315,1107
2026-08-14,PCB,Pune,39543,1196
2026-08-15,PCB,Pune,40079,1711
2026-08-16,PCB,Pune,40673,2374
2026-08-17,PCB,Pune,40483,2454
2026-08-18,PCB,Pune,39647,2058
2026-08-19,PCB,Pune,38607,1229
2026-08-20,PCB,Pune,37963,988
2026-08-21,PCB,Pune,38080,2394
2026-08-22,PCB,Pune,39348,958
2026-08-23,PCB,Pune,39593,2183
2026-08-24,PCB,Pune,39328,2348
2026-08-25,PCB,Pune,38825,611
2026-08-26,PCB,Pune,38448,1413
2026-08-27,PCB,Pune,37803,934
2026-08-28,PCB,Pune,37905,2387
2026-08-29,PCB,Pune,38211,386
2026-08-30,PCB,Pune,39361,2466
2026-08-31,PCB,Pune,39115,717
2026-09-01,PCB,Pune,38663,2210
2026-09-02,PCB,Pune,37457,250
2026-09-03,PCB,Pune,37214,2122
2026-09-04,PCB,Pune,37513,1595
2026-09-05,PCB,Pune,37883,410
2026-09-06,PCB,Pune,38189,2156
2026-09-07,PCB,Pune,37747,467
2026-09-08,PCB,Pune,37046,503
2026-09-09,PCB,Pune,36408,419
2026-09-10,PCB,Pune,35715,1444
2026-09-11,PCB,Pune,35576,1216
2026-09-12,PCB,Pune,35855,1904
2026-09-13,PCB,Pune,36532,1124
2026-09-14,PCB,Pune,36834,1758
2026-09-15,PCB,Pune,36204,2013
2026-09-16,PCB,Pune,35282,1956
2026-09-17,PCB,Pune,34772,446
2026-09-18,PCB,Pune,35189,606
2026-06-21,PCB,Nagpur,39112,1051
2026-06-22,PCB,Nagpur,39260,1283
2026-06-23,PCB,Nagpur,38832,843
2026-06-24,PCB,Nagpur,37778,2460
2026-06-25,PCB,Nagpur,36972,210
2026-06-26,PCB,Nagpur,37191,2124
2026-06-27,PCB,Nagpur,37678,1148
2026-06-28,PCB,Nagpur,38024,1358
2026-06-29,PCB,Nagpur,38256,2059
2026-06-30,PCB,Nagpur,37173,1156
2026-07-01,PCB,Nagpur,36912,1010
2026-07-02,PCB,Nagpur,36510,2430
2026-07-03,PCB,Nagpur,36522,810
2026-07-04,PCB,Nagpur,37691,782
2026-07-05,PCB,Nagpur,37788,879
2026-07-06,PCB,Nagpur,38120,1382
2026-07-07,PCB,Nagpur,37455,2119
2026-07-08,PCB,Nagpur,36933,1848
2026-07-09,PCB,Nagpur,37098,2249
2026-07-10,PCB,Nagpur,37465,1993
2026-07-11,PCB,Nagpur,37715,363
2026-07-12,PCB,Nagpur,38752,1520
2026-07-13,PCB,Nagpur,38873,305
2026-07-14,PCB,Nagpur,37796,284
2026-07-15,PCB,Nagpur,37614,1303
2026-07-16,PCB,Nagpur,37373,917
2026-07-17,PCB,Nagpur,37664,2011
2026-07-18,PCB,Nagpur,38878,943
2026-07-19,PCB,Nagpur,40074,1985
2026-07-20,PCB,Nagpur,40236,2214
2026-07-21,PCB,Nagpur,40164,2125
2026-07-22,PCB,Nagpur,39202,1565
2026-07-23,PCB,Nagpur,38653,628
2026-07-24,PCB,Nagpur,39407,1550
2026-07-25,PCB,Nagpur,40069,2229
2026-07-26,PCB,Nagpur,40437,1840
2026-07-27,PCB,Nagpur,40817,2453
2026-07-28,PCB,Nagpur,39620,560
2026-07-29,PCB,Nagpur,38632,1524
2026-07-30,PCB,Nagpur,37855,1855
2026-07-31,PCB,Nagpur,38602,204
2026-08-01,PCB,Nagpur,39540,2422
2026-08-02,PCB,Nagpur,40113,422
2026-08-03,PCB,Nagpur,39737,1681
2026-08-04,PCB,Nagpur,39259,2241
2026-08-05,PCB,Nagpur,38639,411
2026-08-06,PCB,Nagpur,37963,2449
2026-08-07,PCB,Nagpur,37868,1379
2026-08-08,PCB,Nagpur,38535,2185
2026-08-09,PCB,Nagpur,38693,1180
2026-08-10,PCB,Nagpur,38937,1472
2026-08-11,PCB,Nagpur,38386,2462
2026-08-12,PCB,Nagpur,37534,1120
2026-08-13,PCB,Nagpur,37758,664
2026-08-14,PCB,Nagpur,38041,681
2026-08-15,PCB,Nagpur,38955,830
2026-08-16,PCB,Nagpur,39562,1395
2026-08-17,PCB,Nagpur,39573,1319
2026-08-18,PCB,Nagpur,38855,2176
2026-08-19,PCB,Nagpur,38646,1198
2026-08-20,PCB,Nagpur,38261,792
2026-08-21,PCB,Nagpur,38459,2281
2026-08-22,PCB,Nagpur,39498,759
2026-08-23,PCB,Nagpur,40554,1331
2026-08-24,PCB,Nagpur,40886,1899
2026-08-25,PCB,Nagpur,40053,2279
2026-08-26,PCB,Nagpur,38998,210
2026-08-27,PCB,Nagpur,38407,1422
2026-08-28,PCB,Nagpur,39133,2205
2026-08-29,PCB,Nagpur,40333,2029
2026-08-30,PCB,Nagpur,41011,1613
2026-08-31,PCB,Nagpur,40805,2425
2026-09-01,PCB,Nagpur,40019,1518
2026-09-02,PCB,Nagpur,39674,1178
2026-09-03,PCB,Nagpur,39414,1156
2026-09-04,PCB,Nagpur,40181,1882
2026-09-05,PCB,Nagpur,40404,2137
2026-09-06,PCB,Nagpur,41288,1761
2026-09-07,PCB,Nagpur,41147,823
2026-09-08,PCB,Nagpur,40498,351
2026-09-09,PCB,Nagpur,39263,1559
2026-09-10,PCB,Nagpur,39354,2003
2026-09-11,PCB,Nagpur,39219,2071
2026-09-12,PCB,Nagpur,39402,790
2026-09-13,PCB,Nagpur,39910,832
2026-09-14,PCB,Nagpur,39401,1285
2026-09-15,PCB,Nagpur,38597,1828
2026-09-16,PCB,Nagpur,38015,1545
2026-09-17,PCB,Nagpur,38083,2385
2026-09-18,PCB,Nagpur,38275,1497
2026-06-21,PCB,Jaipur,39557,2198
2026-06-22,PCB,Jaipur,39999,347
2026-06-23,PCB,Jaipur,39512,1161
2026-06-24,PCB,Jaipur,38894,1377
2026-06-25,PCB,Jaipur,39132,570
2026-06-26,PCB,Jaipur,39393,603
2026-06-27,PCB,Jaipur,40475,611
2026-06-28,PCB,Jaipur,41038,1426
2026-06-29,PCB,Jaipur,41535,388
2026-06-30,PCB,Jaipur,40670,429
2026-07-01,PCB,Jaipur,39630,1735
2026-07-02,PCB,Jaipur,39204,1200
2026-07-03,PCB,Jaipur,39581,937
2026-07-04,PCB,Jaipur,39954,523
2026-07-05,PCB,Jaipur,40712,1766
2026-07-06,PCB,Jaipur,40858,1186
2026-07-07,PCB,Jaipur,40216,786
2026-07-08,PCB,Jaipur,39115,1240
2026-07-09,PCB,Jaipur,38729,238
2026-07-10,PCB,Jaipur,39532,2105
2026-07-11,PCB,Jaipur,40788,2438
2026-07-12,PCB,Jaipur,41001,2009
2026-07-13,PCB,Jaipur,41549,1425
2026-07-14,PCB,Jaipur,41070,1937
2026-07-15,PCB,Jaipur,40499,2071
2026-07-16,PCB,Jaipur,40563,1015
2026-07-17,PCB,Jaipur,41528,2179
2026-07-18,PCB,Jaipur,41838,1762
2026-07-19,PCB,Jaipur,42584,1411
2026-07-20,PCB,Jaipur,43214,1409
2026-07-21,PCB,Jaipur,41928,1821
2026-07-22,PCB,Jaipur,40832,400
2026-07-23,PCB,Jaipur,40976,2234
2026-07-24,PCB,Jaipur,41745,1372
2026-07-25,PCB,Jaipur,42911,1142
2026-07-26,PCB,Jaipur,43722,1643
2026-07-27,PCB,Jaipur,43353,978
2026-07-28,PCB,Jaipur,42830,760
2026-07-29,PCB,Jaipur,42156,361
2026-07-30,PCB,Jaipur,41551,2005
2026-07-31,PCB,Jaipur,41325,1694
2026-08-01,PCB,Jaipur,42424,569
2026-08-02,PCB,Jaipur,43617,1538
2026-08-03,PCB,Jaipur,43941,919
2026-08-04,PCB,Jaipur,42866,2409
2026-08-05,PCB,Jaipur,42505,1698
2026-08-06,PCB,Jaipur,42175,1316
2026-08-07,PCB,Jaipur,42962,1252
2026-08-08,PCB,Jaipur,44344,2173
2026-08-09,PCB,Jaipur,45669,1408
2026-08-10,PCB,Jaipur,46007,1587
2026-08-11,PCB,Jaipur,45701,2118
2026-08-12,PCB,Jaipur,45432,776
2026-08-13,PCB,Jaipur,45381,1124
2026-08-14,PCB,Jaipur,46270,1827
2026-08-15,PCB,Jaipur,47833,2482
2026-08-16,PCB,Jaipur,48385,1816
2026-08-17,PCB,Jaipur,47680,2397
2026-08-18,PCB,Jaipur,46404,1709
2026-08-19,PCB,Jaipur,45735,1273
2026-08-20,PCB,Jaipur,45453,1721
2026-08-21,PCB,Jaipur,45309,1157
2026-08-22,PCB,Jaipur,46153,2499
2026-08-23,PCB,Jaipur,46633,1106
2026-08-24,PCB,Jaipur,46839,2101
2026-08-25,PCB,Jaipur,46673,1437
2026-08-26,PCB,Jaipur,45968,677
2026-08-27,PCB,Jaipur,45077,352
2026-08-28,PCB,Jaipur,45201,2217
2026-08-29,PCB,Jaipur,45552,1161
2026-08-30,PCB,Jaipur,46802,755
2026-08-31,PCB,Jaipur,46645,1719
2026-09-01,PCB,Jaipur,46151,2412
2026-09-02,PCB,Jaipur,45141,832
2026-09-03,PCB,Jaipur,45267,605
2026-09-04,PCB,Jaipur,46117,1871
2026-09-05,PCB,Jaipur,47635,1345
2026-09-06,PCB,Jaipur,47702,1717
2026-09-07,PCB,Jaipur,47297,2021
2026-09-08,PCB,Jaipur,47187,1685
2026-09-09,PCB,Jaipur,45711,1704
2026-09-10,PCB,Jaipur,45374,1669
2026-09-11,PCB,Jaipur,45165,1330
2026-09-12,PCB,Jaipur,45617,700
2026-09-13,PCB,Jaipur,46954,2062
2026-09-14,PCB,Jaipur,46379,1068
2026-09-15,PCB,Jaipur,45848,287
2026-09-16,PCB,Jaipur,44348,1566
2026-09-17,PCB,Jaipur,43625,715
2026-09-18,PCB,Jaipur,44382,1040
2026-06-21,BATTERY_LI,Mumbai,31579,2470
2026-06-22,BATTERY_LI,Mumbai,31301,1084
2026-06-23,BATTERY_LI,Mumbai,31101,1154
2026-06-24,BATTERY_LI,Mumbai,30338,804
2026-06-25,BATTERY_LI,Mumbai,30335,211
2026-06-26,BATTERY_LI,Mumbai,30394,792
2026-06-27,BATTERY_LI,Mumbai,31440,2412
2026-06-28,BATTERY_LI,Mumbai,31692,914
2026-06-29,BATTERY_LI,Mumbai,31321,305
2026-06-30,BATTERY_LI,Mumbai,30491,1667
2026-07-01,BATTERY_LI,Mumbai,30157,1174
2026-07-02,BATTERY_LI,Mumbai,29975,264
2026-07-03,BATTERY_LI,Mumbai,29939,414
2026-07-04,BATTERY_LI,Mumbai,30181,1924
2026-07-05,BATTERY_LI,Mumbai,30677,460
2026-07-06,BATTERY_LI,Mumbai,30655,1682
2026-07-07,BATTERY_LI,Mumbai,30188,646
2026-07-08,BATTERY_LI,Mumbai,29557,1107
2026-07-09,BATTERY_LI,Mumbai,29692,377
2026-07-10,BATTERY_LI,Mumbai,30154,2335
2026-07-11,BATTERY_LI,Mumbai,30559,327
2026-07-12,BATTERY_LI,Mumbai,30628,2161
2026-07-13,BATTERY_LI,Mumbai,30947,1946
2026-07-14,BATTERY_LI,Mumbai,30633,2208
2026-07-15,BATTERY_LI,Mumbai,30227,2016
2026-07-16,BATTERY_LI,Mumbai,29581,530
2026-07-17,BATTERY_LI,Mumbai,29679,807
2026-07-18,BATTERY_LI,Mumbai,29863,1326
2026-07-19,BATTERY_LI,Mumbai,30443,2446
2026-07-20,BATTERY_LI,Mumbai,30637,1760
2026-07-21,BATTERY_LI,Mumbai,30605,2373
2026-07-22,BATTERY_LI,Mumbai,29824,2270
2026-07-23,BATTERY_LI,Mumbai,29659,606
2026-07-24,BATTERY_LI,Mumbai,30179,668
2026-07-25,BATTERY_LI,Mumbai,31093,2458
2026-07-26,BATTERY_LI,Mumbai,31789,1080
2026-07-27,BATTERY_LI,Mumbai,31722,1135
2026-07-28,BATTERY_LI,Mumbai,31145,2057
2026-07-29,BATTERY_LI,Mumbai,30445,589
2026-07-30,BATTERY_LI,Mumbai,30011,1480
2026-07-31,BATTERY_LI,Mumbai,30422,1733
2026-08-01,BATTERY_LI,Mumbai,31437,2142
2026-08-02,BATTERY_LI,Mumbai,31514,549
2026-08-03,BATTERY_LI,Mumbai,31129,595
2026-08-04,BATTERY_LI,Mumbai,30867,1726
2026-08-05,BATTERY_LI,Mumbai,30548,2478
2026-08-06,BATTERY_LI,Mumbai,29884,2500
2026-08-07,BATTERY_LI,Mumbai,30199,700
2026-08-08,BATTERY_LI,Mumbai,30705,1932
2026-08-09,BATTERY_LI,Mumbai,31530,410
2026-08-10,BATTERY_LI,Mumbai,31973,1479
2026-08-11,BATTERY_LI,Mumbai,31333,2278
2026-08-12,BATTERY_LI,Mumbai,30457,2175
2026-08-13,BATTERY_LI,Mumbai,29943,643
2026-08-14,BATTERY_LI,Mumbai,30067,2478
2026-08-15,BATTERY_LI,Mumbai,30531,1341
2026-08-16,BATTERY_LI,Mumbai,31078,1957
2026-08-17,BATTERY_LI,Mumbai,31400,2480
2026-08-18,BATTERY_LI,Mumbai,30469,1295
2026-08-19,BATTERY_LI,Mumbai,29453,1319
2026-08-20,BATTERY_LI,Mumbai,29375,1465
2026-08-21,BATTERY_LI,Mumbai,30005,1637
2026-08-22,BATTERY_LI,Mumbai,30136,786
2026-08-23,BATTERY_LI,Mumbai,30669,1841
2026-08-24,BATTERY_LI,Mumbai,30273,325
2026-08-25,BATTERY_LI,Mumbai,29434,2372
2026-08-26,BATTERY_LI,Mumbai,28614,1919
2026-08-27,BATTERY_LI,Mumbai,28326,844
2026-08-28,BATTERY_LI,Mumbai,28460,1528
2026-08-29,BATTERY_LI,Mumbai,29256,547
2026-08-30,BATTERY_LI,Mumbai,30055,837
2026-08-31,BATTERY_LI,Mumbai,29746,403
2026-09-01,BATTERY_LI,Mumbai,29434,1314
2026-09-02,BATTERY_LI,Mumbai,28811,1936
2026-09-03,BATTERY_LI,Mumbai,28549,2010
2026-09-04,BATTERY_LI,Mumbai,28722,1082
2026-09-05,BATTERY_LI,Mumbai,29506,666
2026-09-06,BATTERY_LI,Mumbai,29828,654
2026-09-07,BATTERY_LI,Mumbai,29635,2193
2026-09-08,BATTERY_LI,Mumbai,29195,1463
2026-09-09,BATTERY_LI,Mumbai,28235,1818
2026-09-10,BATTERY_LI,Mumbai,28397,424
2026-09-11,BATTERY_LI,Mumbai,28220,1434
2026-09-12,BATTERY_LI,Mumbai,29155,762
2026-09-13,BATTERY_LI,Mumbai,29845,1385
2026-09-14,BATTERY_LI,Mumbai,29691,231
2026-09-15,BATTERY_LI,Mumbai,29225,1963
2026-09-16,BATTERY_LI,Mumbai,28376,1757
2026-09-17,BATTERY_LI,Mumbai,28158,1142
2026-09-18,BATTERY_LI,Mumbai,28402,1650
2026-06-21,BATTERY_LI,Delhi,30680,373
2026-06-22,BATTERY_LI,Delhi,30621,2083
2026-06-23,BATTERY_LI,Delhi,30523,1482
2026-06-24,BATTERY_LI,Delhi,29996,1856
2026-06-25,BATTERY_LI,Delhi,29922,1910
2026-06-26,BATTERY_LI,Delhi,29991,1859
2026-06-27,BATTERY_LI,Delhi,30137,1530
2026-06-28,BATTERY_LI,Delhi,30307,2084
2026-06-29,BATTERY_LI,Delhi,30608,1682
2026-06-30,BATTERY_LI,Delhi,29758,633
2026-07-01,BATTERY_LI,Delhi,28953,1840
2026-07-02,BATTERY_LI,Delhi,28722,1821
2026-07-03,BATTERY_LI,Delhi,29293,1590
2026-07-04,BATTERY_LI,Delhi,29615,888
2026-07-05,BATTERY_LI,Delhi,29696,667
2026-07-06,BATTERY_LI,Delhi,29723,994
2026-07-07,BATTERY_LI,Delhi,29615,1631
2026-07-08,BATTERY_LI,Delhi,28908,804
2026-07-09,BATTERY_LI,Delhi,28430,799
2026-07-10,BATTERY_LI,Delhi,28467,910
2026-07-11,BATTERY_LI,Delhi,29111,508
2026-07-12,BATTERY_LI,Delhi,29280,2223
2026-07-13,BATTERY_LI,Delhi,29248,2038
2026-07-14,BATTERY_LI,Delhi,28947,1523
2026-07-15,BATTERY_LI,Delhi,28693,1494
2026-07-16,BATTERY_LI,Delhi,28146,479
2026-07-17,BATTERY_LI,Delhi,28364,1440
2026-07-18,BATTERY_LI,Delhi,29174,430
2026-07-19,BATTERY_LI,Delhi,29499,503
2026-07-20,BATTERY_LI,Delhi,29331,2051
2026-07-21,BATTERY_LI,Delhi,28472,1710
2026-07-22,BATTERY_LI,Delhi,28194,514
2026-07-23,BATTERY_LI,Delhi,28071,569
2026-07-24,BATTERY_LI,Delhi,28412,2276
2026-07-25,BATTERY_LI,Delhi,28866,2470
2026-07-26,BATTERY_LI,Delhi,29717,368
2026-07-27,BATTERY_LI,Delhi,29672,971
2026-07-28,BATTERY_LI,Delhi,29051,2148
2026-07-29,BATTERY_LI,Delhi,28486,453
2026-07-30,BATTERY_LI,Delhi,28197,1606
2026-07-31,BATTERY_LI,Delhi,28853,545
2026-08-01,BATTERY_LI,Delhi,29420,906
2026-08-02,BATTERY_LI,Delhi,29467,1993
2026-08-03,BATTERY_LI,Delhi,29901,2346
2026-08-04,BATTERY_LI,Delhi,29453,850
2026-08-05,BATTERY_LI,Delhi,28761,1358
2026-08-06,BATTERY_LI,Delhi,28415,1585
2026-08-07,BATTERY_LI,Delhi,28816,414
2026-08-08,BATTERY_LI,Delhi,29633,1570
2026-08-09,BATTERY_LI,Delhi,29704,587
2026-08-10,BATTERY_LI,Delhi,29756,1783
2026-08-11,BATTERY_LI,Delhi,29101,815
2026-08-12,BATTERY_LI,Delhi,28391,779
2026-08-13,BATTERY_LI,Delhi,28496,1470
2026-08-14,BATTERY_LI,Delhi,29147,1805
2026-08-15,BATTERY_LI,Delhi,29384,547
2026-08-16,BATTERY_LI,Delhi,29673,1742
2026-08-17,BATTERY_LI,Delhi,29801,1545
2026-08-18,BATTERY_LI,Delhi,29611,2356
2026-08-19,BATTERY_LI,Delhi,28679,1934
2026-08-20,BATTERY_LI,Delhi,28438,274
2026-08-21,BATTERY_LI,Delhi,28566,938
2026-08-22,BATTERY_LI,Delhi,29517,1599
2026-08-23,BATTERY_LI,Delhi,30381,2191
2026-08-24,BATTERY_LI,Delhi,30101,763
2026-08-25,BATTERY_LI,Delhi,29323,1411
2026-08-26,BATTERY_LI,Delhi,29049,614
2026-08-27,BATTERY_LI,Delhi,28803,2410
2026-08-28,BATTERY_LI,Delhi,29345,2356
2026-08-29,BATTERY_LI,Delhi,29503,1579
2026-08-30,BATTERY_LI,Delhi,30302,736
2026-08-31,BATTERY_LI,Delhi,30391,831
2026-09-01,BATTERY_LI,Delhi,29612,878
2026-09-02,BATTERY_LI,Delhi,29228,378
2026-09-03,BATTERY_LI,Delhi,28896,1172
2026-09-04,BATTERY_LI,Delhi,29558,1367
2026-09-05,BATTERY_LI,Delhi,30362,2038
2026-09-06,BATTERY_LI,Delhi,30591,1179
2026-09-07,BATTERY_LI,Delhi,30416,2121
2026-09-08,BATTERY_LI,Delhi,30303,994
2026-09-09,BATTERY_LI,Delhi,29595,2004
2026-09-10,BATTERY_LI,Delhi,29304,1354
2026-09-11,BATTERY_LI,Delhi,29805,2259
2026-09-12,BATTERY_LI,Delhi,30411,863
2026-09-13,BATTERY_LI,Delhi,31180,766
2026-09-14,BATTERY_LI,Delhi,31529,413
2026-09-15,BATTERY_LI,Delhi,31168,1720
2026-09-16,BATTERY_LI,Delhi,30610,620
2026-09-17,BATTERY_LI,Delhi,30537,2313
2026-09-18,BATTERY_LI,Delhi,31126,1367
2026-06-21,BATTERY_LI,Bengaluru,29487,856
2026-06-22,BATTERY_LI,Bengaluru,29286,2302
2026-06-23,BATTERY_LI,Bengaluru,28523,1991
2026-06-24,BATTERY_LI,Bengaluru,27624,1109
2026-06-25,BATTERY_LI,Bengaluru,27645,1631
2026-06-26,BATTERY_LI,Bengaluru,28245,1899
2026-06-27,BATTERY_LI,Bengaluru,28410,2256
2026-06-28,BATTERY_LI,Bengaluru,28745,1781
2026-06-29,BATTERY_LI,Bengaluru,29171,1735
2026-06-30,BATTERY_LI,Bengaluru,28478,1505
2026-07-01,BATTERY_LI,Bengaluru,28283,1573
2026-07-02,BATTERY_LI,Bengaluru,28283,763
2026-07-03,BATTERY_LI,Bengaluru,28133,2135
2026-07-04,BATTERY_LI,Bengaluru,28851,768
2026-07-05,BATTERY_LI,Bengaluru,29529,2121
2026-07-06,BATTERY_LI,Bengaluru,29484,221
2026-07-07,BATTERY_LI,Bengaluru,29376,277
2026-07-08,BATTERY_LI,Bengaluru,28592,812
2026-07-09,BATTERY_LI,Bengaluru,28386,2361
2026-07-10,BATTERY_LI,Bengaluru,28566,1380
2026-07-11,BATTERY_LI,Bengaluru,28894,699
2026-07-12,BATTERY_LI,Bengaluru,28948,1919
2026-07-13,BATTERY_LI,Bengaluru,29068,2072
2026-07-14,BATTERY_LI,Bengaluru,28238,2247
2026-07-15,BATTERY_LI,Bengaluru,27768,267
2026-07-16,BATTERY_LI,Bengaluru,27636,1190
2026-07-17,BATTERY_LI,Bengaluru,28059,1393
2026-07-18,BATTERY_LI,Bengaluru,28545,1645
2026-07-19,BATTERY_LI,Bengaluru,28766,1906
2026-07-20,BATTERY_LI,Bengaluru,28496,550
2026-07-21,BATTERY_LI,Bengaluru,28070,1677
2026-07-22,BATTERY_LI,Bengaluru,27166,2354
2026-07-23,BATTERY_LI,Bengaluru,26966,2279
2026-07-24,BATTERY_LI,Bengaluru,27244,1799
2026-07-25,BATTERY_LI,Bengaluru,28086,378
2026-07-26,BATTERY_LI,Bengaluru,28642,1729
2026-07-27,BATTERY_LI,Bengaluru,28430,266
2026-07-28,BATTERY_LI,Bengaluru,27865,476
2026-07-29,BATTERY_LI,Bengaluru,27195,624
2026-07-30,BATTERY_LI,Bengaluru,27178,1561
2026-07-31,BATTERY_LI,Bengaluru,27113,1643
2026-08-01,BATTERY_LI,Bengaluru,27680,917
2026-08-02,BATTERY_LI,Bengaluru,28391,2103
2026-08-03,BATTERY_LI,Bengaluru,28801,2160
2026-08-04,BATTERY_LI,Bengaluru,28462,752
2026-08-05,BATTERY_LI,Bengaluru,27541,2074
2026-08-06,BATTERY_LI,Bengaluru,26923,1025
2026-08-07,BATTERY_LI,Bengaluru,26785,1017
2026-08-08,BATTERY_LI,Bengaluru,27624,1492
2026-08-09,BATTERY_LI,Bengaluru,28420,2311
2026-08-10,BATTERY_LI,Bengaluru,28333,2424
2026-08-11,BATTERY_LI,Bengaluru,27868,349
2026-08-12,BATTERY_LI,Bengaluru,27532,982
2026-08-13,BATTERY_LI,Bengaluru,27118,395
2026-08-14,BATTERY_LI,Bengaluru,27654,1559
2026-08-15,BATTERY_LI,Bengaluru,28001,1707
2026-08-16,BATTERY_LI,Bengaluru,28385,1838
2026-08-17,BATTERY_LI,Bengaluru,28592,1783
2026-08-18,BATTERY_LI,Bengaluru,28009,965
2026-08-19,BATTERY_LI,Bengaluru,27460,2237
2026-08-20,BATTERY_LI,Bengaluru,27114,2326
2026-08-21,BATTERY_LI,Bengaluru,27157,538
2026-08-22,BATTERY_LI,Bengaluru,27876,523
2026-08-23,BATTERY_LI,Bengaluru,28253,939
2026-08-24,BATTERY_LI,Bengaluru,28291,1515
2026-08-25,BATTERY_LI,Bengaluru,27517,1543
2026-08-26,BATTERY_LI,Bengaluru,27110,1455
2026-08-27,BATTERY_LI,Bengaluru,26832,1945
2026-08-28,BATTERY_LI,Bengaluru,26794,2018
2026-08-29,BATTERY_LI,Bengaluru,27195,373
2026-08-30,BATTERY_LI,Bengaluru,27808,1644
2026-08-31,BATTERY_LI,Bengaluru,27904,1981
2026-09-01,BATTERY_LI,Bengaluru,27281,434
2026-09-02,BATTERY_LI,Bengaluru,26408,1863
2026-09-03,BATTERY_LI,Bengaluru,26072,855
2026-09-04,BATTERY_LI,Bengaluru,26655,784
2026-09-05,BATTERY_LI,Bengaluru,27459,1994
2026-09-06,BATTERY_LI,Bengaluru,27500,475
2026-09-07,BATTERY_LI,Bengaluru,27282,1700
2026-09-08,BATTERY_LI,Bengaluru,26744,332
2026-09-09,BATTERY_LI,Bengaluru,26305,2042
2026-09-10,BATTERY_LI,Bengaluru,26428,1723
2026-09-11,BATTERY_LI,Bengaluru,26613,514
2026-09-12,BATTERY_LI,Bengaluru,27192,2368
2026-09-13,BATTERY_LI,Bengaluru,27507,1487
2026-09-14,BATTERY_LI,Bengaluru,27630,1222
2026-09-15,BATTERY_LI,Bengaluru,27574,306
2026-09-16,BATTERY_LI,Bengaluru,27227,2244
2026-09-17,BATTERY_LI,Bengaluru,27005,2500
2026-09-18,BATTERY_LI,Bengaluru,26927,1266
2026-06-21,BATTERY_LI,Pune,30656,1078
2026-06-22,BATTERY_LI,Pune,31112,1369
2026-06-23,BATTERY_LI,Pune,30804,2211
2026-06-24,BATTERY_LI,Pune,29932,755
2026-06-25,BATTERY_LI,Pune,29986,2051
2026-06-26,BATTERY_LI,Pune,29949,2023
2026-06-27,BATTERY_LI,Pune,30988,1509
2026-06-28,BATTERY_LI,Pune,31632,465
2026-06-29,BATTERY_LI,Pune,31679,1389
2026-06-30,BATTERY_LI,Pune,31550,845
2026-07-01,BATTERY_LI,Pune,31131,913
2026-07-02,BATTERY_LI,Pune,31133,2283
2026-07-03,BATTERY_LI,Pune,31143,1023
2026-07-04,BATTERY_LI,Pune,32029,1169
2026-07-05,BATTERY_LI,Pune,32813,307
2026-07-06,BATTERY_LI,Pune,32676,1711
2026-07-07,BATTERY_LI,Pune,32134,2459
2026-07-08,BATTERY_LI,Pune,31157,553
2026-07-09,BATTERY_LI,Pune,30484,1830
2026-07-10,BATTERY_LI,Pune,31210,2160
2026-07-11,BATTERY_LI,Pune,31843,1877
2026-07-12,BATTERY_LI,Pune,32654,502
2026-07-13,BATTERY_LI,Pune,32287,1498
2026-07-14,BATTERY_LI,Pune,31918,2043
2026-07-15,BATTERY_LI,Pune,31264,2319
2026-07-16,BATTERY_LI,Pune,30848,2458
2026-07-17,BATTERY_LI,Pune,31246,945
2026-07-18,BATTERY_LI,Pune,32111,728
2026-07-19,BATTERY_LI,Pune,32547,426
2026-07-20,BATTERY_LI,Pune,32871,2322
2026-07-21,BATTERY_LI,Pune,32020,874
2026-07-22,BATTERY_LI,Pune,31077,1123
2026-07-23,BATTERY_LI,Pune,30665,2325
2026-07-24,BATTERY_LI,Pune,31298,523
2026-07-25,BATTERY_LI,Pune,31670,2456
2026-07-26,BATTERY_LI,Pune,31947,1440
2026-07-27,BATTERY_LI,Pune,32057,582
2026-07-28,BATTERY_LI,Pune,31558,890
2026-07-29,BATTERY_LI,Pune,31028,831
2026-07-30,BATTERY_LI,Pune,30455,1582
2026-07-31,BATTERY_LI,Pune,31035,368
2026-08-01,BATTERY_LI,Pune,31949,316
2026-08-02,BATTERY_LI,Pune,32041,1284
2026-08-03,BATTERY_LI,Pune,32186,1906
2026-08-04,BATTERY_LI,Pune,31795,324
2026-08-05,BATTERY_LI,Pune,31173,2434
2026-08-06,BATTERY_LI,Pune,30708,1437
2026-08-07,BATTERY_LI,Pune,30959,1863
2026-08-08,BATTERY_LI,Pune,31370,498
2026-08-09,BATTERY_LI,Pune,32041,847
2026-08-10,BATTERY_LI,Pune,31983,2183
2026-08-11,BATTERY_LI,Pune,31449,1593
2026-08-12,BATTERY_LI,Pune,30935,1480
2026-08-13,BATTERY_LI,Pune,30999,1507
2026-08-14,BATTERY_LI,Pune,31488,1614
2026-08-15,BATTERY_LI,Pune,32559,735
2026-08-16,BATTERY_LI,Pune,33327,2309
2026-08-17,BATTERY_LI,Pune,33389,1507
2026-08-18,BATTERY_LI,Pune,32612,701
2026-08-19,BATTERY_LI,Pune,31753,1215
2026-08-20,BATTERY_LI,Pune,31138,407
2026-08-21,BATTERY_LI,Pune,31211,1773
2026-08-22,BATTERY_LI,Pune,32167,1912
2026-08-23,BATTERY_LI,Pune,32423,854
2026-08-24,BATTERY_LI,Pune,32728,1480
2026-08-25,BATTERY_LI,Pune,31917,852
2026-08-26,BATTERY_LI,Pune,31293,2308
2026-08-27,BATTERY_LI,Pune,30990,1463
2026-08-28,BATTERY_LI,Pune,31257,568
2026-08-29,BATTERY_LI,Pune,32292,2270
2026-08-30,BATTERY_LI,Pune,32755,1186
2026-08-31,BATTERY_LI,Pune,32475,1645
2026-09-01,BATTERY_LI,Pune,31534,1352
2026-09-02,BATTERY_LI,Pune,30915,2127
2026-09-03,BATTERY_LI,Pune,30449,233
2026-09-04,BATTERY_LI,Pune,31034,1965
2026-09-05,BATTERY_LI,Pune,31291,1283
2026-09-06,BATTERY_LI,Pune,31997,1851
2026-09-07,BATTERY_LI,Pune,31869,1840
2026-09-08,BATTERY_LI,Pune,30948,997
2026-09-09,BATTERY_LI,Pune,30219,1382
2026-09-10,BATTERY_LI,Pune,29574,2265
2026-09-11,BATTERY_LI,Pune,29786,2452
2026-09-12,BATTERY_LI,Pune,30166,686
2026-09-13,BATTERY_LI,Pune,30297,596
2026-09-14,BATTERY_LI,Pune,30200,1588
2026-09-15,BATTERY_LI,Pune,29780,1697
2026-09-16,BATTERY_LI,Pune,29422,1015
2026-09-17,BATTERY_LI,Pune,29257,1844
2026-09-18,BATTERY_LI,Pune,29510,385
2026-06-21,BATTERY_LI,Nagpur,28545,1564
2026-06-22,BATTERY_LI,Nagpur,28806,2327
2026-06-23,BATTERY_LI,Nagpur,28319,2311
2026-06-24,BATTERY_LI,Nagpur,27466,1504
2026-06-25,BATTERY_LI,Nagpur,26952,1425
2026-06-26,BATTERY_LI,Nagpur,27263,2277
2026-06-27,BATTERY_LI,Nagpur,28068,2380
2026-06-28,BATTERY_LI,Nagpur,28498,1427
2026-06-29,BATTERY_LI,Nagpur,28477,268
2026-06-30,BATTERY_LI,Nagpur,27921,648
2026-07-01,BATTERY_LI,Nagpur,27770,1460
2026-07-02,BATTERY_LI,Nagpur,27775,309
2026-07-03,BATTERY_LI,Nagpur,28097,1287
2026-07-04,BATTERY_LI,Nagpur,29046,1132
2026-07-05,BATTERY_LI,Nagpur,29696,2167
2026-07-06,BATTERY_LI,Nagpur,29403,1757
2026-07-07,BATTERY_LI,Nagpur,28637,1192
2026-07-08,BATTERY_LI,Nagpur,27684,650
2026-07-09,BATTERY_LI,Nagpur,27189,2006
2026-07-10,BATTERY_LI,Nagpur,27272,820
2026-07-11,BATTERY_LI,Nagpur,27731,1035
2026-07-12,BATTERY_LI,Nagpur,28089,2131
2026-07-13,BATTERY_LI,Nagpur,28403,455
2026-07-14,BATTERY_LI,Nagpur,28132,2324
2026-07-15,BATTERY_LI,Nagpur,27341,1531
2026-07-16,BATTERY_LI,Nagpur,27509,2159
2026-07-17,BATTERY_LI,Nagpur,27769,1485
2026-07-18,BATTERY_LI,Nagpur,28698,2082
2026-07-19,BATTERY_LI,Nagpur,29507,1602
2026-07-20,BATTERY_LI,Nagpur,29548,1282
2026-07-21,BATTERY_LI,Nagpur,29182,987
2026-07-22,BATTERY_LI,Nagpur,29006,1342
2026-07-23,BATTERY_LI,Nagpur,28804,1121
2026-07-24,BATTERY_LI,Nagpur,29439,1419
2026-07-25,BATTERY_LI,Nagpur,30257,1049
2026-07-26,BATTERY_LI,Nagpur,30906,2202
2026-07-27,BATTERY_LI,Nagpur,30736,1628
2026-07-28,BATTERY_LI,Nagpur,30310,1320
2026-07-29,BATTERY_LI,Nagpur,29530,2424
2026-07-30,BATTERY_LI,Nagpur,29168,1816
2026-07-31,BATTERY_LI,Nagpur,29702,799
2026-08-01,BATTERY_LI,Nagpur,30091,1378
2026-08-02,BATTERY_LI,Nagpur,30979,523
2026-08-03,BATTERY_LI,Nagpur,30836,2011
2026-08-04,BATTERY_LI,Nagpur,30496,2162
2026-08-05,BATTERY_LI,Nagpur,29645,2406
2026-08-06,BATTERY_LI,Nagpur,29186,1312
2026-08-07,BATTERY_LI,Nagpur,29119,1180
2026-08-08,BATTERY_LI,Nagpur,29457,2375
2026-08-09,BATTERY_LI,Nagpur,29672,1153
2026-08-10,BATTERY_LI,Nagpur,29273,1892
2026-08-11,BATTERY_LI,Nagpur,28669,2134
2026-08-12,BATTERY_LI,Nagpur,27773,763
2026-08-13,BATTERY_LI,Nagpur,27123,2454
2026-08-14,BATTERY_LI,Nagpur,27751,846
2026-08-15,BATTERY_LI,Nagpur,28213,2148
2026-08-16,BATTERY_LI,Nagpur,28635,1016
2026-08-17,BATTERY_LI,Nagpur,28855,1376
2026-08-18,BATTERY_LI,Nagpur,28251,442
2026-08-19,BATTERY_LI,Nagpur,28039,566
2026-08-20,BATTERY_LI,Nagpur,27923,1151
2026-08-21,BATTERY_LI,Nagpur,28195,352
2026-08-22,BATTERY_LI,Nagpur,29101,917
2026-08-23,BATTERY_LI,Nagpur,29483,920
2026-08-24,BATTERY_LI,Nagpur,29867,348
2026-08-25,BATTERY_LI,Nagpur,29838,1826
2026-08-26,BATTERY_LI,Nagpur,29509,963
2026-08-27,BATTERY_LI,Nagpur,29636,1385
2026-08-28,BATTERY_LI,Nagpur,30231,237
2026-08-29,BATTERY_LI,Nagpur,30635,639
2026-08-30,BATTERY_LI,Nagpur,31513,1572
2026-08-31,BATTERY_LI,Nagpur,31310,2425
2026-09-01,BATTERY_LI,Nagpur,30843,749
2026-09-02,BATTERY_LI,Nagpur,30560,2117
2026-09-03,BATTERY_LI,Nagpur,30088,661
2026-09-04,BATTERY_LI,Nagpur,30195,2079
2026-09-05,BATTERY_LI,Nagpur,30921,962
2026-09-06,BATTERY_LI,Nagpur,30947,1580
2026-09-07,BATTERY_LI,Nagpur,31216,991
2026-09-08,BATTERY_LI,Nagpur,30429,1860
2026-09-09,BATTERY_LI,Nagpur,30129,2310
2026-09-10,BATTERY_LI,Nagpur,29713,1841
2026-09-11,BATTERY_LI,Nagpur,30123,956
2026-09-12,BATTERY_LI,Nagpur,31154,2155
2026-09-13,BATTERY_LI,Nagpur,31474,1216
2026-09-14,BATTERY_LI,Nagpur,31008,1771
2026-09-15,BATTERY_LI,Nagpur,30281,1293
2026-09-16,BATTERY_LI,Nagpur,30095,1436
2026-09-17,BATTERY_LI,Nagpur,29908,246
2026-09-18,BATTERY_LI,Nagpur,29951,1672
2026-06-21,BATTERY_LI,Jaipur,29726,454
2026-06-22,BATTERY_LI,Jaipur,29876,2106
2026-06-23,BATTERY_LI,Jaipur,29238,1860
2026-06-24,BATTERY_LI,Jaipur,28828,1473
2026-06-25,BATTERY_LI,Jaipur,28741,1408
2026-06-26,BATTERY_LI,Jaipur,28875,1104
2026-06-27,BATTERY_LI,Jaipur,29190,747
2026-06-28,BATTERY_LI,Jaipur,29627,2063
2026-06-29,BATTERY_LI,Jaipur,29847,1730
2026-06-30,BATTERY_LI,Jaipur,29306,2449
2026-07-01,BATTERY_LI,Jaipur,29091,2401
2026-07-02,BATTERY_LI,Jaipur,29100,1094
2026-07-03,BATTERY_LI,Jaipur,29583,535
2026-07-04,BATTERY_LI,Jaipur,30183,2363
2026-07-05,BATTERY_LI,Jaipur,30842,519
2026-07-06,BATTERY_LI,Jaipur,31228,659
2026-07-07,BATTERY_LI,Jaipur,30336,2443
2026-07-08,BATTERY_LI,Jaipur,30104,1028
2026-07-09,BATTERY_LI,Jaipur,29907,813
2026-07-10,BATTERY_LI,Jaipur,29863,2331
2026-07-11,BATTERY_LI,Jaipur,30393,1041
2026-07-12,BATTERY_LI,Jaipur,31069,2202
2026-07-13,BATTERY_LI,Jaipur,30687,2290
2026-07-14,BATTERY_LI,Jaipur,30158,427
2026-07-15,BATTERY_LI,Jaipur,29529,2302
2026-07-16,BATTERY_LI,Jaipur,29198,436
2026-07-17,BATTERY_LI,Jaipur,29504,1462
2026-07-18,BATTERY_LI,Jaipur,30280,1821
2026-07-19,BATTERY_LI,Jaipur,30527,212
2026-07-20,BATTERY_LI,Jaipur,30752,499
2026-07-21,BATTERY_LI,Jaipur,29859,1611
2026-07-22,BATTERY_LI,Jaipur,29452,2416
2026-07-23,BATTERY_LI,Jaipur,29630,482
2026-07-24,BATTERY_LI,Jaipur,30323,2133
2026-07-25,BATTERY_LI,Jaipur,30480,1874
2026-07-26,BATTERY_LI,Jaipur,30659,754
2026-07-27,BATTERY_LI,Jaipur,30904,1921
2026-07-28,BATTERY_LI,Jaipur,30306,1766
2026-07-29,BATTERY_LI,Jaipur,29669,1746
2026-07-30,BATTERY_LI,Jaipur,29302,2408
2026-07-31,BATTERY_LI,Jaipur,29231,1624
2026-08-01,BATTERY_LI,Jaipur,29460,2400
2026-08-02,BATTERY_LI,Jaipur,29824,721
2026-08-03,BATTERY_LI,Jaipur,30028,1112
2026-08-04,BATTERY_LI,Jaipur,29855,293
2026-08-05,BATTERY_LI,Jaipur,29694,2096
2026-08-06,BATTERY_LI,Jaipur,29589,2430
2026-08-07,BATTERY_LI,Jaipur,29778,1753
2026-08-08,BATTERY_LI,Jaipur,30653,1213
2026-08-09,BATTERY_LI,Jaipur,31096,835
2026-08-10,BATTERY_LI,Jaipur,30886,662
2026-08-11,BATTERY_LI,Jaipur,29977,1917
2026-08-12,BATTERY_LI,Jaipur,29494,264
2026-08-13,BATTERY_LI,Jaipur,29010,475
2026-08-14,BATTERY_LI,Jaipur,28912,337
2026-08-15,BATTERY_LI,Jaipur,29428,399
2026-08-16,BATTERY_LI,Jaipur,29659,381
2026-08-17,BATTERY_LI,Jaipur,29572,1159
2026-08-18,BATTERY_LI,Jaipur,29145,431
2026-08-19,BATTERY_LI,Jaipur,28268,1384
2026-08-20,BATTERY_LI,Jaipur,27799,1506
2026-08-21,BATTERY_LI,Jaipur,28105,1513
2026-08-22,BATTERY_LI,Jaipur,28427,786
2026-08-23,BATTERY_LI,Jaipur,29292,2335
2026-08-24,BATTERY_LI,Jaipur,29047,1430
2026-08-25,BATTERY_LI,Jaipur,28400,2480
2026-08-26,BATTERY_LI,Jaipur,28221,917
2026-08-27,BATTERY_LI,Jaipur,28082,1949
2026-08-28,BATTERY_LI,Jaipur,28373,392
2026-08-29,BATTERY_LI,Jaipur,29336,1761
2026-08-30,BATTERY_LI,Jaipur,30050,1505
2026-08-31,BATTERY_LI,Jaipur,30227,1872
2026-09-01,BATTERY_LI,Jaipur,29442,1741
2026-09-02,BATTERY_LI,Jaipur,28594,2403
2026-09-03,BATTERY_LI,Jaipur,28323,1123
2026-09-04,BATTERY_LI,Jaipur,28398,791
2026-09-05,BATTERY_LI,Jaipur,29217,436
2026-09-06,BATTERY_LI,Jaipur,29730,1906
2026-09-07,BATTERY_LI,Jaipur,29781,749
2026-09-08,BATTERY_LI,Jaipur,29217,1244
2026-09-09,BATTERY_LI,Jaipur,28392,523
2026-09-10,BATTERY_LI,Jaipur,28503,1719
2026-09-11,BATTERY_LI,Jaipur,28398,980
2026-09-12,BATTERY_LI,Jaipur,28563,1744
2026-09-13,BATTERY_LI,Jaipur,29160,361
2026-09-14,BATTERY_LI,Jaipur,29487,970
2026-09-15,BATTERY_LI,Jaipur,29291,2489
2026-09-16,BATTERY_LI,Jaipur,28476,1055
2026-09-17,BATTERY_LI,Jaipur,28542,1563
2026-09-18,BATTERY_LI,Jaipur,28620,262
2026-06-21,CABLE,Mumbai,47574,978
2026-06-22,CABLE,Mumbai,48233,680
2026-06-23,CABLE,Mumbai,47831,2161
2026-06-24,CABLE,Mumbai,47481,1037
2026-06-25,CABLE,Mumbai,46923,1180
2026-06-26,CABLE,Mumbai,47404,1359
2026-06-27,CABLE,Mumbai,48156,2385
2026-06-28,CABLE,Mumbai,49127,1463
2026-06-29,CABLE,Mumbai,48776,2300
2026-06-30,CABLE,Mumbai,48564,2108
2026-07-01,CABLE,Mumbai,47044,2123
2026-07-02,CABLE,Mumbai,47002,1511
2026-07-03,CABLE,Mumbai,47999,1718
2026-07-04,CABLE,Mumbai,48660,387
2026-07-05,CABLE,Mumbai,49514,1106
2026-07-06,CABLE,Mumbai,49872,266
2026-07-07,CABLE,Mumbai,48740,1910
2026-07-08,CABLE,Mumbai,47496,1003
2026-07-09,CABLE,Mumbai,46843,1755
2026-07-10,CABLE,Mumbai,47349,1206
2026-07-11,CABLE,Mumbai,48271,1582
2026-07-12,CABLE,Mumbai,48669,2201
2026-07-13,CABLE,Mumbai,49350,2209
2026-07-14,CABLE,Mumbai,48521,1642
2026-07-15,CABLE,Mumbai,47103,2438
2026-07-16,CABLE,Mumbai,46678,2420
2026-07-17,CABLE,Mumbai,47776,440
2026-07-18,CABLE,Mumbai,48742,504
2026-07-19,CABLE,Mumbai,50166,398
2026-07-20,CABLE,Mumbai,50563,1889
2026-07-21,CABLE,Mumbai,49232,1147
2026-07-22,CABLE,Mumbai,47646,818
2026-07-23,CABLE,Mumbai,46537,2271
2026-07-24,CABLE,Mumbai,46879,447
2026-07-25,CABLE,Mumbai,47962,2179
2026-07-26,CABLE,Mumbai,48945,264
2026-07-27,CABLE,Mumbai,48220,2459
2026-07-28,CABLE,Mumbai,47340,268
2026-07-29,CABLE,Mumbai,46458,1325
2026-07-30,CABLE,Mumbai,46104,1374
2026-07-31,CABLE,Mumbai,45830,1963
2026-08-01,CABLE,Mumbai,47153,934
2026-08-02,CABLE,Mumbai,47326,594
2026-08-03,CABLE,Mumbai,47361,1187
2026-08-04,CABLE,Mumbai,46189,2356
2026-08-05,CABLE,Mumbai,44952,1651
2026-08-06,CABLE,Mumbai,44251,1825
2026-08-07,CABLE,Mumbai,44071,1863
2026-08-08,CABLE,Mumbai,44875,1196
2026-08-09,CABLE,Mumbai,46247,1125
2026-08-10,CABLE,Mumbai,45970,530
2026-08-11,CABLE,Mumbai,45460,329
2026-08-12,CABLE,Mumbai,44030,1753
2026-08-13,CABLE,Mumbai,43487,2149
2026-08-14,CABLE,Mumbai,43280,238
2026-08-15,CABLE,Mumbai,44393,538
2026-08-16,CABLE,Mumbai,45086,1977
2026-08-17,CABLE,Mumbai,45282,1556
2026-08-18,CABLE,Mumbai,44662,590
2026-08-19,CABLE,Mumbai,44310,374
2026-08-20,CABLE,Mumbai,43570,2147
2026-08-21,CABLE,Mumbai,43646,504
2026-08-22,CABLE,Mumbai,44743,1348
2026-08-23,CABLE,Mumbai,45987,334
2026-08-24,CABLE,Mumbai,45545,1488
2026-08-25,CABLE,Mumbai,44181,1048
2026-08-26,CABLE,Mumbai,43433,1831
2026-08-27,CABLE,Mumbai,43610,1425
2026-08-28,CABLE,Mumbai,43543,1184
2026-08-29,CABLE,Mumbai,44481,1793
2026-08-30,CABLE,Mumbai,45416,2414
2026-08-31,CABLE,Mumbai,45187,773
2026-09-01,CABLE,Mumbai,44868,521
2026-09-02,CABLE,Mumbai,43994,1616
2026-09-03,CABLE,Mumbai,43029,1990
2026-09-04,CABLE,Mumbai,43053,511
2026-09-05,CABLE,Mumbai,43683,1824
2026-09-06,CABLE,Mumbai,44990,1536
2026-09-07,CABLE,Mumbai,44355,1319
2026-09-08,CABLE,Mumbai,44033,2045
2026-09-09,CABLE,Mumbai,43162,1657
2026-09-10,CABLE,Mumbai,42856,1737
2026-09-11,CABLE,Mumbai,43139,1756
2026-09-12,CABLE,Mumbai,43434,1409
2026-09-13,CABLE,Mumbai,44507,501
2026-09-14,CABLE,Mumbai,43949,831
2026-09-15,CABLE,Mumbai,43106,831
2026-09-16,CABLE,Mumbai,42570,1497
2026-09-17,CABLE,Mumbai,42024,574
2026-09-18,CABLE,Mumbai,41759,1462
2026-06-21,CABLE,Delhi,46540,1304
2026-06-22,CABLE,Delhi,45985,557
2026-06-23,CABLE,Delhi,44841,2038
2026-06-24,CABLE,Delhi,44042,2298
2026-06-25,CABLE,Delhi,43540,307
2026-06-26,CABLE,Delhi,43377,2470
2026-06-27,CABLE,Delhi,43683,1528
2026-06-28,CABLE,Delhi,44850,250
2026-06-29,CABLE,Delhi,44570,1788
2026-06-30,CABLE,Delhi,44240,2491
2026-07-01,CABLE,Delhi,43905,1194
2026-07-02,CABLE,Delhi,43618,894
2026-07-03,CABLE,Delhi,44241,894
2026-07-04,CABLE,Delhi,44615,1433
2026-07-05,CABLE,Delhi,44998,797
2026-07-06,CABLE,Delhi,44408,1980
2026-07-07,CABLE,Delhi,43420,1427
2026-07-08,CABLE,Delhi,42553,515
2026-07-09,CABLE,Delhi,42008,1210
2026-07-10,CABLE,Delhi,42654,2230
2026-07-11,CABLE,Delhi,43608,1000
2026-07-12,CABLE,Delhi,44234,754
2026-07-13,CABLE,Delhi,43974,1820
2026-07-14,CABLE,Delhi,43069,1756
2026-07-15,CABLE,Delhi,42614,1549
2026-07-16,CABLE,Delhi,42169,1963
2026-07-17,CABLE,Delhi,42937,757
2026-07-18,CABLE,Delhi,43512,1022
2026-07-19,CABLE,Delhi,44165,927
2026-07-20,CABLE,Delhi,44780,1507
2026-07-21,CABLE,Delhi,43804,2211
2026-07-22,CABLE,Delhi,43553,1192
2026-07-23,CABLE,Delhi,42950,1348
2026-07-24,CABLE,Delhi,43734,1809
2026-07-25,CABLE,Delhi,44406,1018
2026-07-26,CABLE,Delhi,45225,2434
2026-07-27,CABLE,Delhi,44791,2453
2026-07-28,CABLE,Delhi,43465,2090
2026-07-29,CABLE,Delhi,43183,1058
2026-07-30,CABLE,Delhi,42730,1393
2026-07-31,CABLE,Delhi,43529,483
2026-08-01,CABLE,Delhi,44802,1875
2026-08-02,CABLE,Delhi,45739,770
2026-08-03,CABLE,Delhi,45922,1191
2026-08-04,CABLE,Delhi,44868,831
2026-08-05,CABLE,Delhi,44278,1744
2026-08-06,CABLE,Delhi,43332,2162
2026-08-07,CABLE,Delhi,43816,2388
2026-08-08,CABLE,Delhi,44679,1913
2026-08-09,CABLE,Delhi,45438,1672
2026-08-10,CABLE,Delhi,45712,2399
2026-08-11,CABLE,Delhi,45124,548
2026-08-12,CABLE,Delhi,43726,1216
2026-08-13,CABLE,Delhi,43551,1654
2026-08-14,CABLE,Delhi,43490,381
2026-08-15,CABLE,Delhi,44422,1836
2026-08-16,CABLE,Delhi,45748,1558
2026-08-17,CABLE,Delhi,46387,1963
2026-08-18,CABLE,Delhi,45122,603
2026-08-19,CABLE,Delhi,43922,2291
2026-08-20,CABLE,Delhi,43863,2485
2026-08-21,CABLE,Delhi,44351,1105
2026-08-22,CABLE,Delhi,45142,1802
2026-08-23,CABLE,Delhi,45797,2249
2026-08-24,CABLE,Delhi,45317,300
2026-08-25,CABLE,Delhi,44586,1410
2026-08-26,CABLE,Delhi,43606,551
2026-08-27,CABLE,Delhi,42730,780
2026-08-28,CABLE,Delhi,42905,1605
2026-08-29,CABLE,Delhi,43682,1047
2026-08-30,CABLE,Delhi,44394,1626
2026-08-31,CABLE,Delhi,44362,1994
2026-09-01,CABLE,Delhi,43959,2053
2026-09-02,CABLE,Delhi,42868,1429
2026-09-03,CABLE,Delhi,41915,671
2026-09-04,CABLE,Delhi,41673,1605
2026-09-05,CABLE,Delhi,42675,873
2026-09-06,CABLE,Delhi,43901,1199
2026-09-07,CABLE,Delhi,43922,2460
2026-09-08,CABLE,Delhi,42794,2493
2026-09-09,CABLE,Delhi,41867,2092
2026-09-10,CABLE,Delhi,41170,1859
2026-09-11,CABLE,Delhi,41689,963
2026-09-12,CABLE,Delhi,42681,1970
2026-09-13,CABLE,Delhi,43213,1008
2026-09-14,CABLE,Delhi,43147,1959
2026-09-15,CABLE,Delhi,42331,1079
2026-09-16,CABLE,Delhi,41139,456
2026-09-17,CABLE,Delhi,40877,2399
2026-09-18,CABLE,Delhi,40844,1535
2026-06-21,CABLE,Bengaluru,44383,666
2026-06-22,CABLE,Bengaluru,44066,2204
2026-06-23,CABLE,Bengaluru,43413,1483
2026-06-24,CABLE,Bengaluru,42690,1807
2026-06-25,CABLE,Bengaluru,42430,1625
2026-06-26,CABLE,Bengaluru,42609,2075
2026-06-27,CABLE,Bengaluru,43592,1418
2026-06-28,CABLE,Bengaluru,44830,547
2026-06-29,CABLE,Bengaluru,45062,1482
2026-06-30,CABLE,Bengaluru,43848,1450
2026-07-01,CABLE,Bengaluru,42499,1729
2026-07-02,CABLE,Bengaluru,42375,2292
2026-07-03,CABLE,Bengaluru,42600,764
2026-07-04,CABLE,Bengaluru,43528,1932
2026-07-05,CABLE,Bengaluru,43792,2401
2026-07-06,CABLE,Bengaluru,44046,909
2026-07-07,CABLE,Bengaluru,43429,2205
2026-07-08,CABLE,Bengaluru,42312,966
2026-07-09,CABLE,Bengaluru,41712,2047
2026-07-10,CABLE,Bengaluru,42224,1670
2026-07-11,CABLE,Bengaluru,43631,2184
2026-07-12,CABLE,Bengaluru,43830,1772
2026-07-13,CABLE,Bengaluru,44440,2270
2026-07-14,CABLE,Bengaluru,43946,1875
2026-07-15,CABLE,Bengaluru,43328,1902
2026-07-16,CABLE,Bengaluru,43223,2018
2026-07-17,CABLE,Bengaluru,43583,538
2026-07-18,CABLE,Bengaluru,44520,1103
2026-07-19,CABLE,Bengaluru,44934,1325
2026-07-20,CABLE,Bengaluru,44563,1382
2026-07-21,CABLE,Bengaluru,43430,2073
2026-07-22,CABLE,Bengaluru,42667,2228
2026-07-23,CABLE,Bengaluru,42360,663
2026-07-24,CABLE,Bengaluru,42820,1297
2026-07-25,CABLE,Bengaluru,44016,1702
2026-07-26,CABLE,Bengaluru,44760,370
2026-07-27,CABLE,Bengaluru,45109,2007
2026-07-28,CABLE,Bengaluru,44466,1941
2026-07-29,CABLE,Bengaluru,43079,1213
2026-07-30,CABLE,Bengaluru,42446,332
2026-07-31,CABLE,Bengaluru,42750,1627
2026-08-01,CABLE,Bengaluru,44057,556
2026-08-02,CABLE,Bengaluru,44664,680
2026-08-03,CABLE,Bengaluru,45033,1170
2026-08-04,CABLE,Bengaluru,43943,1636
2026-08-05,CABLE,Bengaluru,43553,1953
2026-08-06,CABLE,Bengaluru,42742,770
2026-08-07,CABLE,Bengaluru,43482,1047
2026-08-08,CABLE,Bengaluru,44736,1636
2026-08-09,CABLE,Bengaluru,45479,2406
2026-08-10,CABLE,Bengaluru,45027,1398
2026-08-11,CABLE,Bengaluru,44043,1295
2026-08-12,CABLE,Bengaluru,43770,2307
2026-08-13,CABLE,Bengaluru,44022,590
2026-08-14,CABLE,Bengaluru,43919,1885
2026-08-15,CABLE,Bengaluru,45337,1335
2026-08-16,CABLE,Bengaluru,46553,719
2026-08-17,CABLE,Bengaluru,46835,743
2026-08-18,CABLE,Bengaluru,45756,1519
2026-08-19,CABLE,Bengaluru,45306,1808
2026-08-20,CABLE,Bengaluru,44899,1300
2026-08-21,CABLE,Bengaluru,45462,1736
2026-08-22,CABLE,Bengaluru,46282,581
2026-08-23,CABLE,Bengaluru,46868,1339
2026-08-24,CABLE,Bengaluru,47142,1711
2026-08-25,CABLE,Bengaluru,46342,2199
2026-08-26,CABLE,Bengaluru,45203,210
2026-08-27,CABLE,Bengaluru,45307,581
2026-08-28,CABLE,Bengaluru,46016,2077
2026-08-29,CABLE,Bengaluru,47103,1667
2026-08-30,CABLE,Bengaluru,48342,2389
2026-08-31,CABLE,Bengaluru,48194,1959
2026-09-01,CABLE,Bengaluru,47903,2226
2026-09-02,CABLE,Bengaluru,46643,1361
2026-09-03,CABLE,Bengaluru,46013,734
2026-09-04,CABLE,Bengaluru,46504,2187
2026-09-05,CABLE,Bengaluru,47821,398
2026-09-06,CABLE,Bengaluru,47907,2082
2026-09-07,CABLE,Bengaluru,47212,847
2026-09-08,CABLE,Bengaluru,46392,202
2026-09-09,CABLE,Bengaluru,46159,1952
2026-09-10,CABLE,Bengaluru,45349,740
2026-09-11,CABLE,Bengaluru,46267,1436
2026-09-12,CABLE,Bengaluru,46687,1322
2026-09-13,CABLE,Bengaluru,46838,1676
2026-09-14,CABLE,Bengaluru,46488,1723
2026-09-15,CABLE,Bengaluru,45987,877
2026-09-16,CABLE,Bengaluru,44484,1451
2026-09-17,CABLE,Bengaluru,44397,1159
2026-09-18,CABLE,Bengaluru,44687,573
2026-06-21,CABLE,Pune,45983,204
2026-06-22,CABLE,Pune,45588,519
2026-06-23,CABLE,Pune,44380,1126
2026-06-24,CABLE,Pune,43540,2022
2026-06-25,CABLE,Pune,42527,1607
2026-06-26,CABLE,Pune,43304,1929
2026-06-27,CABLE,Pune,44406,2156
2026-06-28,CABLE,Pune,44519,1769
2026-06-29,CABLE,Pune,43971,619
2026-06-30,CABLE,Pune,42768,1705
2026-07-01,CABLE,Pune,42413,761
2026-07-02,CABLE,Pune,41897,745
2026-07-03,CABLE,Pune,42440,785
2026-07-04,CABLE,Pune,42708,234
2026-07-05,CABLE,Pune,43519,872
2026-07-06,CABLE,Pune,43441,1072
2026-07-07,CABLE,Pune,42926,820
2026-07-08,CABLE,Pune,42619,2012
2026-07-09,CABLE,Pune,42706,555
2026-07-10,CABLE,Pune,43589,773
2026-07-11,CABLE,Pune,44775,1772
2026-07-12,CABLE,Pune,45273,1958
2026-07-13,CABLE,Pune,45021,772
2026-07-14,CABLE,Pune,43981,545
2026-07-15,CABLE,Pune,42798,1367
2026-07-16,CABLE,Pune,42782,309
2026-07-17,CABLE,Pune,43603,1435
2026-07-18,CABLE,Pune,44061,2287
2026-07-19,CABLE,Pune,44332,1804
2026-07-20,CABLE,Pune,44060,423
2026-07-21,CABLE,Pune,43740,1180
2026-07-22,CABLE,Pune,42881,661
2026-07-23,CABLE,Pune,42178,490
2026-07-24,CABLE,Pune,42581,249
2026-07-25,CABLE,Pune,44045,1496
2026-07-26,CABLE,Pune,44240,1923
2026-07-27,CABLE,Pune,44061,907
2026-07-28,CABLE,Pune,43714,498
2026-07-29,CABLE,Pune,42240,476
2026-07-30,CABLE,Pune,41263,1083
2026-07-31,CABLE,Pune,41046,447
2026-08-01,CABLE,Pune,42410,1830
2026-08-02,CABLE,Pune,43082,2252
2026-08-03,CABLE,Pune,43427,1934
2026-08-04,CABLE,Pune,43007,537
2026-08-05,CABLE,Pune,42346,2402
2026-08-06,CABLE,Pune,42124,1336
2026-08-07,CABLE,Pune,41959,523
2026-08-08,CABLE,Pune,42792,1032
2026-08-09,CABLE,Pune,44079,836
2026-08-10,CABLE,Pune,44128,1800
2026-08-11,CABLE,Pune,43550,470
2026-08-12,CABLE,Pune,42458,1991
2026-08-13,CABLE,Pune,42380,1177
2026-08-14,CABLE,Pune,42181,553
2026-08-15,CABLE,Pune,43551,675
2026-08-16,CABLE,Pune,44170,425
2026-08-17,CABLE,Pune,43917,919
2026-08-18,CABLE,Pune,42737,762
2026-08-19,CABLE,Pune,42157,871
2026-08-20,CABLE,Pune,41787,1620
2026-08-21,CABLE,Pune,42178,1261
2026-08-22,CABLE,Pune,42571,719
2026-08-23,CABLE,Pune,43561,1300
2026-08-24,CABLE,Pune,43865,683
2026-08-25,CABLE,Pune,43531,320
2026-08-26,CABLE,Pune,42471,1958
2026-08-27,CABLE,Pune,41814,461
2026-08-28,CABLE,Pune,41877,515
2026-08-29,CABLE,Pune,42689,2292
2026-08-30,CABLE,Pune,43174,2246
2026-08-31,CABLE,Pune,43640,883
2026-09-01,CABLE,Pune,42787,1244
2026-09-02,CABLE,Pune,42297,672
2026-09-03,CABLE,Pune,41588,2284
2026-09-04,CABLE,Pune,41323,250
2026-09-05,CABLE,Pune,41806,2132
2026-09-06,CABLE,Pune,42286,814
2026-09-07,CABLE,Pune,41879,344
2026-09-08,CABLE,Pune,41289,1917
2026-09-09,CABLE,Pune,40150,1216
2026-09-10,CABLE,Pune,39701,1510
2026-09-11,CABLE,Pune,39771,519
2026-09-12,CABLE,Pune,40634,689
2026-09-13,CABLE,Pune,41272,415
2026-09-14,CABLE,Pune,40874,2312
2026-09-15,CABLE,Pune,40816,1842
2026-09-16,CABLE,Pune,39503,2105
2026-09-17,CABLE,Pune,39590,1472
2026-09-18,CABLE,Pune,39727,2465
2026-06-21,CABLE,Nagpur,43362,1711
2026-06-22,CABLE,Nagpur,42973,1444
2026-06-23,CABLE,Nagpur,42605,1193
2026-06-24,CABLE,Nagpur,41729,2220
2026-06-25,CABLE,Nagpur,41985,1000
2026-06-26,CABLE,Nagpur,42644,2438
2026-06-27,CABLE,Nagpur,43815,1204
2026-06-28,CABLE,Nagpur,44034,1879
2026-06-29,CABLE,Nagpur,43405,2418
2026-06-30,CABLE,Nagpur,42530,239
2026-07-01,CABLE,Nagpur,42264,205
2026-07-02,CABLE,Nagpur,42223,1741
2026-07-03,CABLE,Nagpur,43036,1459
2026-07-04,CABLE,Nagpur,43353,2370
2026-07-05,CABLE,Nagpur,44669,1919
2026-07-06,CABLE,Nagpur,44659,445
2026-07-07,CABLE,Nagpur,44584,783
2026-07-08,CABLE,Nagpur,43992,581
2026-07-09,CABLE,Nagpur,43013,1148
2026-07-10,CABLE,Nagpur,43904,2328
2026-07-11,CABLE,Nagpur,44643,1725
2026-07-12,CABLE,Nagpur,45285,547
2026-07-13,CABLE,Nagpur,45394,2270
2026-07-14,CABLE,Nagpur,44193,1815
2026-07-15,CABLE,Nagpur,42779,455
2026-07-16,CABLE,Nagpur,42325,735
2026-07-17,CABLE,Nagpur,42355,1269
2026-07-18,CABLE,Nagpur,43636,1809
2026-07-19,CABLE,Nagpur,44585,1536
2026-07-20,CABLE,Nagpur,44341,1313
2026-07-21,CABLE,Nagpur,43299,1030
2026-07-22,CABLE,Nagpur,41991,646
2026-07-23,CABLE,Nagpur,41197,873
2026-07-24,CABLE,Nagpur,41491,1486
2026-07-25,CABLE,Nagpur,42182,2395
2026-07-26,CABLE,Nagpur,42659,1050
2026-07-27,CABLE,Nagpur,42598,2097
2026-07-28,CABLE,Nagpur,41636,691
2026-07-29,CABLE,Nagpur,40323,1446
2026-07-30,CABLE,Nagpur,40364,365
2026-07-31,CABLE,Nagpur,40366,1542
2026-08-01,CABLE,Nagpur,40719,1216
2026-08-02,CABLE,Nagpur,41937,1823
2026-08-03,CABLE,Nagpur,41954,1424
2026-08-04,CABLE,Nagpur,41001,912
2026-08-05,CABLE,Nagpur,39636,1856
2026-08-06,CABLE,Nagpur,39710,2477
2026-08-07,CABLE,Nagpur,40352,1223
2026-08-08,CABLE,Nagpur,40639,617
2026-08-09,CABLE,Nagpur,41651,772
2026-08-10,CABLE,Nagpur,41178,452
2026-08-11,CABLE,Nagpur,40936,1110
2026-08-12,CABLE,Nagpur,39693,1840
2026-08-13,CABLE,Nagpur,39198,544
2026-08-14,CABLE,Nagpur,39635,1260
2026-08-15,CABLE,Nagpur,40914,507
2026-08-16,CABLE,Nagpur,40958,464
2026-08-17,CABLE,Nagpur,40586,2016
2026-08-18,CABLE,Nagpur,40323,576
2026-08-19,CABLE,Nagpur,40017,1558
2026-08-20,CABLE,Nagpur,39220,2088
2026-08-21,CABLE,Nagpur,39027,1974
2026-08-22,CABLE,Nagpur,40172,1817
2026-08-23,CABLE,Nagpur,40796,1767
2026-08-24,CABLE,Nagpur,41020,907
2026-08-25,CABLE,Nagpur,40202,966
2026-08-26,CABLE,Nagpur,39152,2026
2026-08-27,CABLE,Nagpur,39258,341
2026-08-28,CABLE,Nagpur,39735,1206
2026-08-29,CABLE,Nagpur,40688,2243
2026-08-30,CABLE,Nagpur,41215,2455
2026-08-31,CABLE,Nagpur,41189,559
2026-09-01,CABLE,Nagpur,40278,762
2026-09-02,CABLE,Nagpur,39397,2353
2026-09-03,CABLE,Nagpur,38761,2426
2026-09-04,CABLE,Nagpur,39443,1766
2026-09-05,CABLE,Nagpur,40552,1670
2026-09-06,CABLE,Nagpur,41161,2185
2026-09-07,CABLE,Nagpur,40968,2257
2026-09-08,CABLE,Nagpur,40112,1307
2026-09-09,CABLE,Nagpur,38952,1506
2026-09-10,CABLE,Nagpur,38727,320
2026-09-11,CABLE,Nagpur,39526,1350
2026-09-12,CABLE,Nagpur,39764,2132
2026-09-13,CABLE,Nagpur,40421,1153
2026-09-14,CABLE,Nagpur,40996,610
2026-09-15,CABLE,Nagpur,40049,1187
2026-09-16,CABLE,Nagpur,38994,429
2026-09-17,CABLE,Nagpur,38961,1098
2026-09-18,CABLE,Nagpur,39389,1790
2026-06-21,CABLE,Jaipur,44139,911
2026-06-22,CABLE,Jaipur,43711,1502
2026-06-23,CABLE,Jaipur,43422,1669
2026-06-24,CABLE,Jaipur,43104,315
2026-06-25,CABLE,Jaipur,42991,1640
2026-06-26,CABLE,Jaipur,43946,782
2026-06-27,CABLE,Jaipur,44888,971
2026-06-28,CABLE,Jaipur,46051,2216
2026-06-29,CABLE,Jaipur,46109,919
2026-06-30,CABLE,Jaipur,45375,569
2026-07-01,CABLE,Jaipur,43898,1096
2026-07-02,CABLE,Jaipur,42890,2157
2026-07-03,CABLE,Jaipur,42614,1025
2026-07-04,CABLE,Jaipur,43844,1595
2026-07-05,CABLE,Jaipur,44820,1525
2026-07-06,CABLE,Jaipur,44228,805
2026-07-07,CABLE,Jaipur,43649,780
2026-07-08,CABLE,Jaipur,43150,2355
2026-07-09,CABLE,Jaipur,43239,497
2026-07-10,CABLE,Jaipur,43449,1820
2026-07-11,CABLE,Jaipur,44410,1578
2026-07-12,CABLE,Jaipur,44836,758
2026-07-13,CABLE,Jaipur,45476,1989
2026-07-14,CABLE,Jaipur,45157,2195
2026-07-15,CABLE,Jaipur,44475,913
2026-07-16,CABLE,Jaipur,44363,1661
2026-07-17,CABLE,Jaipur,44376,918
2026-07-18,CABLE,Jaipur,45077,1406
2026-07-19,CABLE,Jaipur,45270,207
2026-07-20,CABLE,Jaipur,45879,1803
2026-07-21,CABLE,Jaipur,45637,332
2026-07-22,CABLE,Jaipur,44320,1503
2026-07-23,CABLE,Jaipur,44491,1104
2026-07-24,CABLE,Jaipur,45065,626
2026-07-25,CABLE,Jaipur,46545,776
2026-07-26,CABLE,Jaipur,47034,518
2026-07-27,CABLE,Jaipur,46664,1508
2026-07-28,CABLE,Jaipur,45477,563
2026-07-29,CABLE,Jaipur,45020,1575
2026-07-30,CABLE,Jaipur,44558,1286
2026-07-31,CABLE,Jaipur,44553,477
2026-08-01,CABLE,Jaipur,45218,642
2026-08-02,CABLE,Jaipur,46229,397
2026-08-03,CABLE,Jaipur,46071,1918
2026-08-04,CABLE,Jaipur,45989,1895
2026-08-05,CABLE,Jaipur,45083,1751
2026-08-06,CABLE,Jaipur,44492,1737
2026-08-07,CABLE,Jaipur,44341,2163
2026-08-08,CABLE,Jaipur,45598,1123
2026-08-09,CABLE,Jaipur,45842,501
2026-08-10,CABLE,Jaipur,46253,336
2026-08-11,CABLE,Jaipur,45250,1505
2026-08-12,CABLE,Jaipur,44050,628
2026-08-13,CABLE,Jaipur,43110,896
2026-08-14,CABLE,Jaipur,43990,859
2026-08-15,CABLE,Jaipur,45160,2440
2026-08-16,CABLE,Jaipur,46474,581
2026-08-17,CABLE,Jaipur,46248,2177
2026-08-18,CABLE,Jaipur,45804,1966
2026-08-19,CABLE,Jaipur,45507,875
2026-08-20,CABLE,Jaipur,45257,1978
2026-08-21,CABLE,Jaipur,45180,614
2026-08-22,CABLE,Jaipur,45828,978
2026-08-23,CABLE,Jaipur,46418,2469
2026-08-24,CABLE,Jaipur,46727,2412
2026-08-25,CABLE,Jaipur,45673,1353
2026-08-26,CABLE,Jaipur,44510,592
2026-08-27,CABLE,Jaipur,43527,2451
2026-08-28,CABLE,Jaipur,44353,829
2026-08-29,CABLE,Jaipur,44613,215
2026-08-30,CABLE,Jaipur,45212,1406
2026-08-31,CABLE,Jaipur,45652,2167
2026-09-01,CABLE,Jaipur,44533,305
2026-09-02,CABLE,Jaipur,43281,1395
2026-09-03,CABLE,Jaipur,43519,2139
2026-09-04,CABLE,Jaipur,44350,1463
2026-09-05,CABLE,Jaipur,45601,2128
2026-09-06,CABLE,Jaipur,46299,1285
2026-09-07,CABLE,Jaipur,45731,2428
2026-09-08,CABLE,Jaipur,44864,1719
2026-09-09,CABLE,Jaipur,44498,1713
2026-09-10,CABLE,Jaipur,43697,382
2026-09-11,CABLE,Jaipur,43763,2104
2026-09-12,CABLE,Jaipur,44300,1300
2026-09-13,CABLE,Jaipur,45079,819
2026-09-14,CABLE,Jaipur,45420,596
2026-09-15,CABLE,Jaipur,44154,1608
2026-09-16,CABLE,Jaipur,43694,1895
2026-09-17,CABLE,Jaipur,43926,1131
2026-09-18,CABLE,Jaipur,44379,1785
2026-06-21,MOTOR,Mumbai,26915,1914
2026-06-22,MOTOR,Mumbai,27291,2144
2026-06-23,MOTOR,Mumbai,26923,1165
2026-06-24,MOTOR,Mumbai,26379,523
2026-06-25,MOTOR,Mumbai,26068,342
2026-06-26,MOTOR,Mumbai,26296,2316
2026-06-27,MOTOR,Mumbai,27050,803
2026-06-28,MOTOR,Mumbai,27160,2039
2026-06-29,MOTOR,Mumbai,26893,884
2026-06-30,MOTOR,Mumbai,26848,989
2026-07-01,MOTOR,Mumbai,26029,1934
2026-07-02,MOTOR,Mumbai,25477,1983
2026-07-03,MOTOR,Mumbai,25468,805
2026-07-04,MOTOR,Mumbai,26225,1256
2026-07-05,MOTOR,Mumbai,26491,474
2026-07-06,MOTOR,Mumbai,26163,2478
2026-07-07,MOTOR,Mumbai,25675,1535
2026-07-08,MOTOR,Mumbai,25443,2328
2026-07-09,MOTOR,Mumbai,25191,250
2026-07-10,MOTOR,Mumbai,25628,2340
2026-07-11,MOTOR,Mumbai,26348,660
2026-07-12,MOTOR,Mumbai,26692,807
2026-07-13,MOTOR,Mumbai,26745,610
2026-07-14,MOTOR,Mumbai,26662,613
2026-07-15,MOTOR,Mumbai,26367,2393
2026-07-16,MOTOR,Mumbai,26436,1883
2026-07-17,MOTOR,Mumbai,26477,2188
2026-07-18,MOTOR,Mumbai,27051,2137
2026-07-19,MOTOR,Mumbai,27093,1328
2026-07-20,MOTOR,Mumbai,27014,1845
2026-07-21,MOTOR,Mumbai,26224,1557
2026-07-22,MOTOR,Mumbai,25859,401
2026-07-23,MOTOR,Mumbai,25824,1300
2026-07-24,MOTOR,Mumbai,26358,282
2026-07-25,MOTOR,Mumbai,26742,1441
2026-07-26,MOTOR,Mumbai,27006,2213
2026-07-27,MOTOR,Mumbai,27296,602
2026-07-28,MOTOR,Mumbai,27250,1133
2026-07-29,MOTOR,Mumbai,26426,2014
2026-07-30,MOTOR,Mumbai,26412,1514
2026-07-31,MOTOR,Mumbai,26456,1907
2026-08-01,MOTOR,Mumbai,27057,565
2026-08-02,MOTOR,Mumbai,27223,1065
2026-08-03,MOTOR,Mumbai,27561,1867
2026-08-04,MOTOR,Mumbai,27326,2315
2026-08-05,MOTOR,Mumbai,27088,430
2026-08-06,MOTOR,Mumbai,26865,851
2026-08-07,MOTOR,Mumbai,26745,2275
2026-08-08,MOTOR,Mumbai,27188,2347
2026-08-09,MOTOR,Mumbai,27927,318
2026-08-10,MOTOR,Mumbai,27654,1022
2026-08-11,MOTOR,Mumbai,27497,1221
2026-08-12,MOTOR,Mumbai,26583,407
2026-08-13,MOTOR,Mumbai,26683,1015
2026-08-14,MOTOR,Mumbai,26732,2101
2026-08-15,MOTOR,Mumbai,27257,707
2026-08-16,MOTOR,Mumbai,27834,1190
2026-08-17,MOTOR,Mumbai,27727,2027
2026-08-18,MOTOR,Mumbai,27030,2143
2026-08-19,MOTOR,Mumbai,26572,1632
2026-08-20,MOTOR,Mumbai,26218,1259
2026-08-21,MOTOR,Mumbai,26643,570
2026-08-22,MOTOR,Mumbai,26988,1783
2026-08-23,MOTOR,Mumbai,27039,1077
2026-08-24,MOTOR,Mumbai,27329,1122
2026-08-25,MOTOR,Mumbai,27045,1302
2026-08-26,MOTOR,Mumbai,26638,2302
2026-08-27,MOTOR,Mumbai,26027,236
2026-08-28,MOTOR,Mumbai,26232,741
2026-08-29,MOTOR,Mumbai,26862,234
2026-08-30,MOTOR,Mumbai,27056,1451
2026-08-31,MOTOR,Mumbai,27229,1327
2026-09-01,MOTOR,Mumbai,26742,1742
2026-09-02,MOTOR,Mumbai,26497,2080
2026-09-03,MOTOR,Mumbai,26071,2111
2026-09-04,MOTOR,Mumbai,26142,2332
2026-09-05,MOTOR,Mumbai,26911,1826
2026-09-06,MOTOR,Mumbai,27401,230
2026-09-07,MOTOR,Mumbai,27410,1732
2026-09-08,MOTOR,Mumbai,27031,1357
2026-09-09,MOTOR,Mumbai,26344,642
2026-09-10,MOTOR,Mumbai,26101,1577
2026-09-11,MOTOR,Mumbai,26713,1531
2026-09-12,MOTOR,Mumbai,27529,1269
2026-09-13,MOTOR,Mumbai,28091,1423
2026-09-14,MOTOR,Mumbai,27828,2318
2026-09-15,MOTOR,Mumbai,27611,432
2026-09-16,MOTOR,Mumbai,27321,1855
2026-09-17,MOTOR,Mumbai,27214,773
2026-09-18,MOTOR,Mumbai,27633,2237
2026-06-21,MOTOR,Delhi,26285,1262
2026-06-22,MOTOR,Delhi,26606,1857
2026-06-23,MOTOR,Delhi,26102,344
2026-06-24,MOTOR,Delhi,25657,977
2026-06-25,MOTOR,Delhi,25315,1110
2026-06-26,MOTOR,Delhi,25677,2148
2026-06-27,MOTOR,Delhi,26497,1668
2026-06-28,MOTOR,Delhi,26917,896
2026-06-29,MOTOR,Delhi,27192,2486
2026-06-30,MOTOR,Delhi,26511,599
2026-07-01,MOTOR,Delhi,25971,1259
2026-07-02,MOTOR,Delhi,25920,2489
2026-07-03,MOTOR,Delhi,26351,949
2026-07-04,MOTOR,Delhi,27225,1574
2026-07-05,MOTOR,Delhi,27779,1110
2026-07-06,MOTOR,Delhi,27658,1457
2026-07-07,MOTOR,Delhi,27161,1557
2026-07-08,MOTOR,Delhi,26529,1404
2026-07-09,MOTOR,Delhi,26270,682
2026-07-10,MOTOR,Delhi,26475,491
2026-07-11,MOTOR,Delhi,26968,996
2026-07-12,MOTOR,Delhi,27390,1763
2026-07-13,MOTOR,Delhi,27415,1892
2026-07-14,MOTOR,Delhi,26625,817
2026-07-15,MOTOR,Delhi,25822,1020
2026-07-16,MOTOR,Delhi,25477,2074
2026-07-17,MOTOR,Delhi,25423,938
2026-07-18,MOTOR,Delhi,26136,2197
2026-07-19,MOTOR,Delhi,26411,924
2026-07-20,MOTOR,Delhi,26263,437
2026-07-21,MOTOR,Delhi,25469,1320
2026-07-22,MOTOR,Delhi,24754,890
2026-07-23,MOTOR,Delhi,24596,848
2026-07-24,MOTOR,Delhi,24801,560
2026-07-25,MOTOR,Delhi,25004,1976
2026-07-26,MOTOR,Delhi,25496,1852
2026-07-27,MOTOR,Delhi,25442,2155
2026-07-28,MOTOR,Delhi,24957,354
2026-07-29,MOTOR,Delhi,24495,1728
2026-07-30,MOTOR,Delhi,24610,1519
2026-07-31,MOTOR,Delhi,25015,2375
2026-08-01,MOTOR,Delhi,25266,216
2026-08-02,MOTOR,Delhi,25759,1219
2026-08-03,MOTOR,Delhi,25547,1610
2026-08-04,MOTOR,Delhi,25006,620
2026-08-05,MOTOR,Delhi,24433,1453
2026-08-06,MOTOR,Delhi,23979,387
2026-08-07,MOTOR,Delhi,24040,1391
2026-08-08,MOTOR,Delhi,24477,2331
2026-08-09,MOTOR,Delhi,24931,1583
2026-08-10,MOTOR,Delhi,24882,748
2026-08-11,MOTOR,Delhi,24377,2207
2026-08-12,MOTOR,Delhi,23801,971
2026-08-13,MOTOR,Delhi,23357,1852
2026-08-14,MOTOR,Delhi,23220,1118
2026-08-15,MOTOR,Delhi,23834,737
2026-08-16,MOTOR,Delhi,23997,289
2026-08-17,MOTOR,Delhi,24061,892
2026-08-18,MOTOR,Delhi,23417,353
2026-08-19,MOTOR,Delhi,22875,1247
2026-08-20,MOTOR,Delhi,22861,399
2026-08-21,MOTOR,Delhi,23124,396
2026-08-22,MOTOR,Delhi,23690,280
2026-08-23,MOTOR,Delhi,23734,674
2026-08-24,MOTOR,Delhi,23675,1757
2026-08-25,MOTOR,Delhi,23041,1235
2026-08-26,MOTOR,Delhi,22575,827
2026-08-27,MOTOR,Delhi,22181,238
2026-08-28,MOTOR,Delhi,22240,613
2026-08-29,MOTOR,Delhi,22784,1305
2026-08-30,MOTOR,Delhi,23226,761
2026-08-31,MOTOR,Delhi,23169,629
2026-09-01,MOTOR,Delhi,22815,682
2026-09-02,MOTOR,Delhi,22224,635
2026-09-03,MOTOR,Delhi,22030,1018
2026-09-04,MOTOR,Delhi,22406,2342
2026-09-05,MOTOR,Delhi,23167,1666
2026-09-06,MOTOR,Delhi,23673,1409
2026-09-07,MOTOR,Delhi,23432,2445
2026-09-08,MOTOR,Delhi,23063,1050
2026-09-09,MOTOR,Delhi,22741,2168
2026-09-10,MOTOR,Delhi,22429,211
2026-09-11,MOTOR,Delhi,22293,564
2026-09-12,MOTOR,Delhi,23005,2223
2026-09-13,MOTOR,Delhi,23119,568
2026-09-14,MOTOR,Delhi,23313,507
2026-09-15,MOTOR,Delhi,23102,614
2026-09-16,MOTOR,Delhi,22927,1146
2026-09-17,MOTOR,Delhi,22698,1412
2026-09-18,MOTOR,Delhi,22733,405
2026-06-21,MOTOR,Bengaluru,24584,915
2026-06-22,MOTOR,Bengaluru,24860,1390
2026-06-23,MOTOR,Bengaluru,24369,1480
2026-06-24,MOTOR,Bengaluru,23841,674
2026-06-25,MOTOR,Bengaluru,23347,387
2026-06-26,MOTOR,Bengaluru,23203,766
2026-06-27,MOTOR,Bengaluru,23771,898
2026-06-28,MOTOR,Bengaluru,24019,1992
2026-06-29,MOTOR,Bengaluru,24347,1298
2026-06-30,MOTOR,Bengaluru,24238,580
2026-07-01,MOTOR,Bengaluru,23675,1603
2026-07-02,MOTOR,Bengaluru,23246,1841
2026-07-03,MOTOR,Bengaluru,23378,2069
2026-07-04,MOTOR,Bengaluru,23670,1779
2026-07-05,MOTOR,Bengaluru,24177,2158
2026-07-06,MOTOR,Bengaluru,24395,883
2026-07-07,MOTOR,Bengaluru,23735,440
2026-07-08,MOTOR,Bengaluru,23608,852
2026-07-09,MOTOR,Bengaluru,23125,2177
2026-07-10,MOTOR,Bengaluru,23537,1994
2026-07-11,MOTOR,Bengaluru,23767,1755
2026-07-12,MOTOR,Bengaluru,24340,318
2026-07-13,MOTOR,Bengaluru,24605,735
2026-07-14,MOTOR,Bengaluru,24208,2199
2026-07-15,MOTOR,Bengaluru,23461,1884
2026-07-16,MOTOR,Bengaluru,23216,459
2026-07-17,MOTOR,Bengaluru,23250,1487
2026-07-18,MOTOR,Bengaluru,23356,2349
2026-07-19,MOTOR,Bengaluru,23912,1117
2026-07-20,MOTOR,Bengaluru,24255,1585
2026-07-21,MOTOR,Bengaluru,23889,590
2026-07-22,MOTOR,Bengaluru,23376,1218
2026-07-23,MOTOR,Bengaluru,23161,1776
2026-07-24,MOTOR,Bengaluru,23115,2486
2026-07-25,MOTOR,Bengaluru,23843,423
2026-07-26,MOTOR,Bengaluru,23861,842
2026-07-27,MOTOR,Bengaluru,23865,2122
2026-07-28,MOTOR,Bengaluru,23740,877
2026-07-29,MOTOR,Bengaluru,22980,2213
2026-07-30,MOTOR,Bengaluru,22658,1555
2026-07-31,MOTOR,Bengaluru,23177,406
2026-08-01,MOTOR,Bengaluru,23634,2454
2026-08-02,MOTOR,Bengaluru,24107,1851
2026-08-03,MOTOR,Bengaluru,24336,522
2026-08-04,MOTOR,Bengaluru,23926,2035
2026-08-05,MOTOR,Bengaluru,23170,2241
2026-08-06,MOTOR,Bengaluru,22932,686
2026-08-07,MOTOR,Bengaluru,23465,272
2026-08-08,MOTOR,Bengaluru,23637,1888
2026-08-09,MOTOR,Bengaluru,23672,2449
2026-08-10,MOTOR,Bengaluru,23317,572
2026-08-11,MOTOR,Bengaluru,23154,1447
2026-08-12,MOTOR,Bengaluru,22968,1047
2026-08-13,MOTOR,Bengaluru,22874,2068
2026-08-14,MOTOR,Bengaluru,23385,1688
2026-08-15,MOTOR,Bengaluru,24073,1113
2026-08-16,MOTOR,Bengaluru,24702,1559
2026-08-17,MOTOR,Bengaluru,24747,2137
2026-08-18,MOTOR,Bengaluru,24518,1688
2026-08-19,MOTOR,Bengaluru,24196,667
2026-08-20,MOTOR,Bengaluru,23696,1108
2026-08-21,MOTOR,Bengaluru,23545,1654
2026-08-22,MOTOR,Bengaluru,24241,1395
2026-08-23,MOTOR,Bengaluru,24656,1731
2026-08-24,MOTOR,Bengaluru,24805,387
2026-08-25,MOTOR,Bengaluru,24708,2216
2026-08-26,MOTOR,Bengaluru,23965,1876
2026-08-27,MOTOR,Bengaluru,23477,1002
2026-08-28,MOTOR,Bengaluru,23459,1809
2026-08-29,MOTOR,Bengaluru,23712,980
2026-08-30,MOTOR,Bengaluru,24239,641
2026-08-31,MOTOR,Bengaluru,24426,390
2026-09-01,MOTOR,Bengaluru,24352,704
2026-09-02,MOTOR,Bengaluru,24072,2045
2026-09-03,MOTOR,Bengaluru,23833,2265
2026-09-04,MOTOR,Bengaluru,23776,2243
2026-09-05,MOTOR,Bengaluru,23879,398
2026-09-06,MOTOR,Bengaluru,24291,1972
2026-09-07,MOTOR,Bengaluru,24538,2178
2026-09-08,MOTOR,Bengaluru,24462,925
2026-09-09,MOTOR,Bengaluru,24123,911
2026-09-10,MOTOR,Bengaluru,24079,725
2026-09-11,MOTOR,Bengaluru,23999,1518
2026-09-12,MOTOR,Bengaluru,24470,1775
2026-09-13,MOTOR,Bengaluru,24792,1216
2026-09-14,MOTOR,Bengaluru,24624,1604
2026-09-15,MOTOR,Bengaluru,24581,2054
2026-09-16,MOTOR,Bengaluru,24322,765
2026-09-17,MOTOR,Bengaluru,24048,2298
2026-09-18,MOTOR,Bengaluru,24110,2443
2026-06-21,MOTOR,Pune,25666,2467
2026-06-22,MOTOR,Pune,25768,1022
2026-06-23,MOTOR,Pune,25144,1390
2026-06-24,MOTOR,Pune,24792,743
2026-06-25,MOTOR,Pune,24931,928
2026-06-26,MOTOR,Pune,25151,1520
2026-06-27,MOTOR,Pune,25803,1642
2026-06-28,MOTOR,Pune,26255,1909
2026-06-29,MOTOR,Pune,26393,2386
2026-06-30,MOTOR,Pune,25813,1930
2026-07-01,MOTOR,Pune,25544,2341
2026-07-02,MOTOR,Pune,25023,1760
2026-07-03,MOTOR,Pune,24972,431
2026-07-04,MOTOR,Pune,25230,859
2026-07-05,MOTOR,Pune,25996,1226
2026-07-06,MOTOR,Pune,25720,454
2026-07-07,MOTOR,Pune,25463,1408
2026-07-08,MOTOR,Pune,24744,2416
2026-07-09,MOTOR,Pune,24186,2053
2026-07-10,MOTOR,Pune,24104,1118
2026-07-11,MOTOR,Pune,24753,2498
2026-07-12,MOTOR,Pune,25056,2292
2026-07-13,MOTOR,Pune,25270,1378
2026-07-14,MOTOR,Pune,25019,392
2026-07-15,MOTOR,Pune,24845,1787
2026-07-16,MOTOR,Pune,24568,1480
2026-07-17,MOTOR,Pune,25127,420
2026-07-18,MOTOR,Pune,25243,1229
2026-07-19,MOTOR,Pune,25409,2014
2026-07-20,MOTOR,Pune,25661,1706
2026-07-21,MOTOR,Pune,25453,2438
2026-07-22,MOTOR,Pune,25135,1004
2026-07-23,MOTOR,Pune,25123,992
2026-07-24,MOTOR,Pune,25185,926
2026-07-25,MOTOR,Pune,26048,505
2026-07-26,MOTOR,Pune,26207,911
2026-07-27,MOTOR,Pune,26392,688
2026-07-28,MOTOR,Pune,25884,1955
2026-07-29,MOTOR,Pune,25211,1282
2026-07-30,MOTOR,Pune,24715,1244
2026-07-31,MOTOR,Pune,24559,2110
2026-08-01,MOTOR,Pune,25196,834
2026-08-02,MOTOR,Pune,25237,1521
2026-08-03,MOTOR,Pune,25310,1433
2026-08-04,MOTOR,Pune,24907,2453
2026-08-05,MOTOR,Pune,24318,1501
2026-08-06,MOTOR,Pune,24125,953
2026-08-07,MOTOR,Pune,24349,2269
2026-08-08,MOTOR,Pune,24570,2424
2026-08-09,MOTOR,Pune,24982,576
2026-08-10,MOTOR,Pune,24869,1073
2026-08-11,MOTOR,Pune,24601,1556
2026-08-12,MOTOR,Pune,24020,1094
2026-08-13,MOTOR,Pune,24133,2372
2026-08-14,MOTOR,Pune,24324,2499
2026-08-15,MOTOR,Pune,25040,236
2026-08-16,MOTOR,Pune,25137,1617
2026-08-17,MOTOR,Pune,25096,1198
2026-08-18,MOTOR,Pune,25044,1514
2026-08-19,MOTOR,Pune,24468,664
2026-08-20,MOTOR,Pune,24173,2412
2026-08-21,MOTOR,Pune,24546,301
2026-08-22,MOTOR,Pune,25334,1735
2026-08-23,MOTOR,Pune,25741,2283
2026-08-24,MOTOR,Pune,25699,379
2026-08-25,MOTOR,Pune,25143,988
2026-08-26,MOTOR,Pune,24519,537
2026-08-27,MOTOR,Pune,24633,885
2026-08-28,MOTOR,Pune,25199,2403
2026-08-29,MOTOR,Pune,25716,468
2026-08-30,MOTOR,Pune,25891,1073
2026-08-31,MOTOR,Pune,26175,1937
2026-09-01,MOTOR,Pune,26025,1042
2026-09-02,MOTOR,Pune,25546,1982
2026-09-03,MOTOR,Pune,25436,495
2026-09-04,MOTOR,Pune,25847,829
2026-09-05,MOTOR,Pune,25974,1558
2026-09-06,MOTOR,Pune,26015,500
2026-09-07,MOTOR,Pune,25667,1231
2026-09-08,MOTOR,Pune,25309,1132
2026-09-09,MOTOR,Pune,25122,1869
2026-09-10,MOTOR,Pune,24820,1856
2026-09-11,MOTOR,Pune,24985,269
2026-09-12,MOTOR,Pune,25388,684
2026-09-13,MOTOR,Pune,25812,459
2026-09-14,MOTOR,Pune,26010,386
2026-09-15,MOTOR,Pune,25758,497
2026-09-16,MOTOR,Pune,25148,2259
2026-09-17,MOTOR,Pune,24635,1434
2026-09-18,MOTOR,Pune,24928,1353
2026-06-21,MOTOR,Nagpur,24313,1992
2026-06-22,MOTOR,Nagpur,24227,326
2026-06-23,MOTOR,Nagpur,23829,2385
2026-06-24,MOTOR,Nagpur,23168,1801
2026-06-25,MOTOR,Nagpur,23172,2435
2026-06-26,MOTOR,Nagpur,23229,790
2026-06-27,MOTOR,Nagpur,23539,1728
2026-06-28,MOTOR,Nagpur,24235,245
2026-06-29,MOTOR,Nagpur,24274,2473
2026-06-30,MOTOR,Nagpur,23637,371
2026-07-01,MOTOR,Nagpur,22832,1814
2026-07-02,MOTOR,Nagpur,22659,548
2026-07-03,MOTOR,Nagpur,22722,1608
2026-07-04,MOTOR,Nagpur,22964,2299
2026-07-05,MOTOR,Nagpur,23073,953
2026-07-06,MOTOR,Nagpur,22880,1235
2026-07-07,MOTOR,Nagpur,22316,942
2026-07-08,MOTOR,Nagpur,21993,422
2026-07-09,MOTOR,Nagpur,22032,2448
2026-07-10,MOTOR,Nagpur,22197,2451
2026-07-11,MOTOR,Nagpur,22340,475
2026-07-12,MOTOR,Nagpur,22520,1008
2026-07-13,MOTOR,Nagpur,22672,2195
2026-07-14,MOTOR,Nagpur,22620,1662
2026-07-15,MOTOR,Nagpur,21932,1160
2026-07-16,MOTOR,Nagpur,21481,485
2026-07-17,MOTOR,Nagpur,21927,1501
2026-07-18,MOTOR,Nagpur,22345,1544
2026-07-19,MOTOR,Nagpur,22774,1452
2026-07-20,MOTOR,Nagpur,22906,824
2026-07-21,MOTOR,Nagpur,22592,1692
2026-07-22,MOTOR,Nagpur,22356,1954
2026-07-23,MOTOR,Nagpur,21942,1482
2026-07-24,MOTOR,Nagpur,21964,1107
2026-07-25,MOTOR,Nagpur,22534,1986
2026-07-26,MOTOR,Nagpur,22733,1672
2026-07-27,MOTOR,Nagpur,22484,1558
2026-07-28,MOTOR,Nagpur,22383,2095
2026-07-29,MOTOR,Nagpur,21911,1451
2026-07-30,MOTOR,Nagpur,21712,645
2026-07-31,MOTOR,Nagpur,21688,535
2026-08-01,MOTOR,Nagpur,22337,773
2026-08-02,MOTOR,Nagpur,22953,1004
2026-08-03,MOTOR,Nagpur,22790,513
2026-08-04,MOTOR,Nagpur,22587,276
2026-08-05,MOTOR,Nagpur,22378,327
2026-08-06,MOTOR,Nagpur,22392,1859
2026-08-07,MOTOR,Nagpur,22769,1071
2026-08-08,MOTOR,Nagpur,23496,2459
2026-08-09,MOTOR,Nagpur,23692,2410
2026-08-10,MOTOR,Nagpur,23672,808
2026-08-11,MOTOR,Nagpur,23208,1114
2026-08-12,MOTOR,Nagpur,23023,1391
2026-08-13,MOTOR,Nagpur,22572,2252
2026-08-14,MOTOR,Nagpur,22775,1825
2026-08-15,MOTOR,Nagpur,23125,243
2026-08-16,MOTOR,Nagpur,23601,879
2026-08-17,MOTOR,Nagpur,23783,774
2026-08-18,MOTOR,Nagpur,23373,933
2026-08-19,MOTOR,Nagpur,22963,798
2026-08-20,MOTOR,Nagpur,22925,2180
2026-08-21,MOTOR,Nagpur,23429,365
2026-08-22,MOTOR,Nagpur,23684,2197
2026-08-23,MOTOR,Nagpur,23861,1282
2026-08-24,MOTOR,Nagpur,23767,375
2026-08-25,MOTOR,Nagpur,23514,2321
2026-08-26,MOTOR,Nagpur,23337,1679
2026-08-27,MOTOR,Nagpur,23057,2062
2026-08-28,MOTOR,Nagpur,23524,363
2026-08-29,MOTOR,Nagpur,24328,1527
2026-08-30,MOTOR,Nagpur,24414,2335
2026-08-31,MOTOR,Nagpur,24512,1320
2026-09-01,MOTOR,Nagpur,24371,1278
2026-09-02,MOTOR,Nagpur,23952,912
2026-09-03,MOTOR,Nagpur,23657,1750
2026-09-04,MOTOR,Nagpur,23766,518
2026-09-05,MOTOR,Nagpur,24241,1741
2026-09-06,MOTOR,Nagpur,24969,1112
2026-09-07,MOTOR,Nagpur,24981,1645
2026-09-08,MOTOR,Nagpur,24825,1613
2026-09-09,MOTOR,Nagpur,24331,2174
2026-09-10,MOTOR,Nagpur,24400,227
2026-09-11,MOTOR,Nagpur,24613,769
2026-09-12,MOTOR,Nagpur,25048,1142
2026-09-13,MOTOR,Nagpur,25117,1350
2026-09-14,MOTOR,Nagpur,24900,965
2026-09-15,MOTOR,Nagpur,24258,684
2026-09-16,MOTOR,Nagpur,23900,1898
2026-09-17,MOTOR,Nagpur,23914,664
2026-09-18,MOTOR,Nagpur,24108,2161
2026-06-21,MOTOR,Jaipur,24614,860
2026-06-22,MOTOR,Jaipur,24722,1883
2026-06-23,MOTOR,Jaipur,23987,376
2026-06-24,MOTOR,Jaipur,23257,859
2026-06-25,MOTOR,Jaipur,22802,2299
2026-06-26,MOTOR,Jaipur,22682,801
2026-06-27,MOTOR,Jaipur,22817,1257
2026-06-28,MOTOR,Jaipur,23467,2316
2026-06-29,MOTOR,Jaipur,23790,276
2026-06-30,MOTOR,Jaipur,23684,1361
2026-07-01,MOTOR,Jaipur,23533,1087
2026-07-02,MOTOR,Jaipur,23294,2130
2026-07-03,MOTOR,Jaipur,23755,898
2026-07-04,MOTOR,Jaipur,24014,1882
2026-07-05,MOTOR,Jaipur,24463,944
2026-07-06,MOTOR,Jaipur,24554,2292
2026-07-07,MOTOR,Jaipur,23999,1603
2026-07-08,MOTOR,Jaipur,23829,481
2026-07-09,MOTOR,Jaipur,23431,1778
2026-07-10,MOTOR,Jaipur,23373,267
2026-07-11,MOTOR,Jaipur,23616,2265
2026-07-12,MOTOR,Jaipur,24118,812
2026-07-13,MOTOR,Jaipur,24195,926
2026-07-14,MOTOR,Jaipur,23799,359
2026-07-15,MOTOR,Jaipur,23600,2376
2026-07-16,MOTOR,Jaipur,23397,681
2026-07-17,MOTOR,Jaipur,23312,733
2026-07-18,MOTOR,Jaipur,24053,2408
2026-07-19,MOTOR,Jaipur,24669,1967
2026-07-20,MOTOR,Jaipur,24686,1717
2026-07-21,MOTOR,Jaipur,24573,2370
2026-07-22,MOTOR,Jaipur,24042,2174
2026-07-23,MOTOR,Jaipur,24041,1761
2026-07-24,MOTOR,Jaipur,24141,600
2026-07-25,MOTOR,Jaipur,24556,1242
2026-07-26,MOTOR,Jaipur,24923,1152
2026-07-27,MOTOR,Jaipur,25230,543
2026-07-28,MOTOR,Jaipur,24674,2427
2026-07-29,MOTOR,Jaipur,24127,974
2026-07-30,MOTOR,Jaipur,23562,229
2026-07-31,MOTOR,Jaipur,23822,682
2026-08-01,MOTOR,Jaipur,24301,1736
2026-08-02,MOTOR,Jaipur,24796,1493
2026-08-03,MOTOR,Jaipur,24728,636
2026-08-04,MOTOR,Jaipur,24089,1238
2026-08-05,MOTOR,Jaipur,23450,2395
2026-08-06,MOTOR,Jaipur,23194,1697
2026-08-07,MOTOR,Jaipur,23473,1827
2026-08-08,MOTOR,Jaipur,24114,1892
2026-08-09,MOTOR,Jaipur,24529,2483
2026-08-10,MOTOR,Jaipur,24516,1716
2026-08-11,MOTOR,Jaipur,24176,2181
2026-08-12,MOTOR,Jaipur,23529,1456
2026-08-13,MOTOR,Jaipur,23380,1830
2026-08-14,MOTOR,Jaipur,23749,687
2026-08-15,MOTOR,Jaipur,24392,2029
2026-08-16,MOTOR,Jaipur,24984,862
2026-08-17,MOTOR,Jaipur,24685,2282
2026-08-18,MOTOR,Jaipur,24226,1586
2026-08-19,MOTOR,Jaipur,23968,413
2026-08-20,MOTOR,Jaipur,23518,221
2026-08-21,MOTOR,Jaipur,23939,795
2026-08-22,MOTOR,Jaipur,24385,1983
2026-08-23,MOTOR,Jaipur,24460,1277
2026-08-24,MOTOR,Jaipur,24256,527
2026-08-25,MOTOR,Jaipur,23955,1774
2026-08-26,MOTOR,Jaipur,23791,1841
2026-08-27,MOTOR,Jaipur,23666,2334
2026-08-28,MOTOR,Jaipur,23718,435
2026-08-29,MOTOR,Jaipur,24504,917
2026-08-30,MOTOR,Jaipur,24992,1998
2026-08-31,MOTOR,Jaipur,24625,2322
2026-09-01,MOTOR,Jaipur,24084,337
2026-09-02,MOTOR,Jaipur,23816,2291
2026-09-03,MOTOR,Jaipur,23620,1148
2026-09-04,MOTOR,Jaipur,23908,347
2026-09-05,MOTOR,Jaipur,24271,201
2026-09-06,MOTOR,Jaipur,25002,555
2026-09-07,MOTOR,Jaipur,25375,1836
2026-09-08,MOTOR,Jaipur,24868,1818
2026-09-09,MOTOR,Jaipur,24314,1020
2026-09-10,MOTOR,Jaipur,24116,481
2026-09-11,MOTOR,Jaipur,24631,2451
2026-09-12,MOTOR,Jaipur,24949,2490
2026-09-13,MOTOR,Jaipur,25655,1625
2026-09-14,MOTOR,Jaipur,25537,1332
2026-09-15,MOTOR,Jaipur,24932,996
2026-09-16,MOTOR,Jaipur,24412,1854
2026-09-17,MOTOR,Jaipur,24255,1269
2026-09-18,MOTOR,Jaipur,24227,2273
2026-06-21,CRT,Mumbai,5269,496
2026-06-22,CRT,Mumbai,5270,1592
2026-06-23,CRT,Mumbai,5257,2302
2026-06-24,CRT,Mumbai,5225,2403
2026-06-25,CRT,Mumbai,5228,1224
2026-06-26,CRT,Mumbai,5304,1744
2026-06-27,CRT,Mumbai,5418,1196
2026-06-28,CRT,Mumbai,5545,2079
2026-06-29,CRT,Mumbai,5575,312
2026-06-30,CRT,Mumbai,5485,1256
2026-07-01,CRT,Mumbai,5309,1102
2026-07-02,CRT,Mumbai,5290,1141
2026-07-03,CRT,Mumbai,5384,1889
2026-07-04,CRT,Mumbai,5564,2315
2026-07-05,CRT,Mumbai,5657,1278
2026-07-06,CRT,Mumbai,5615,580
2026-07-07,CRT,Mumbai,5510,1600
2026-07-08,CRT,Mumbai,5334,931
2026-07-09,CRT,Mumbai,5284,1648
2026-07-10,CRT,Mumbai,5285,1302
2026-07-11,CRT,Mumbai,5337,978
2026-07-12,CRT,Mumbai,5420,1017
2026-07-13,CRT,Mumbai,5377,1191
2026-07-14,CRT,Mumbai,5352,1046
2026-07-15,CRT,Mumbai,5205,1222
2026-07-16,CRT,Mumbai,5212,1658
2026-07-17,CRT,Mumbai,5203,636
2026-07-18,CRT,Mumbai,5244,521
2026-07-19,CRT,Mumbai,5354,2217
2026-07-20,CRT,Mumbai,5372,2417
2026-07-21,CRT,Mumbai,5361,2175
2026-07-22,CRT,Mumbai,5236,1491
2026-07-23,CRT,Mumbai,5189,1325
2026-07-24,CRT,Mumbai,5233,2293
2026-07-25,CRT,Mumbai,5300,1109
2026-07-26,CRT,Mumbai,5423,725
2026-07-27,CRT,Mumbai,5350,1933
2026-07-28,CRT,Mumbai,5263,2414
2026-07-29,CRT,Mumbai,5088,1622
2026-07-30,CRT,Mumbai,5028,915
2026-07-31,CRT,Mumbai,5065,693
2026-08-01,CRT,Mumbai,5195,2084
2026-08-02,CRT,Mumbai,5247,234
2026-08-03,CRT,Mumbai,5170,1063
2026-08-04,CRT,Mumbai,5071,612
2026-08-05,CRT,Mumbai,4946,1263
2026-08-06,CRT,Mumbai,4857,1276
2026-08-07,CRT,Mumbai,4860,2130
2026-08-08,CRT,Mumbai,5023,1605
2026-08-09,CRT,Mumbai,5081,2242
2026-08-10,CRT,Mumbai,5070,1916
2026-08-11,CRT,Mumbai,5021,1724
2026-08-12,CRT,Mumbai,4903,1840
2026-08-13,CRT,Mumbai,4828,936
2026-08-14,CRT,Mumbai,4880,1136
2026-08-15,CRT,Mumbai,5022,1305
2026-08-16,CRT,Mumbai,5147,2474
2026-08-17,CRT,Mumbai,5137,1760
2026-08-18,CRT,Mumbai,5011,812
2026-08-19,CRT,Mumbai,4909,239
2026-08-20,CRT,Mumbai,4819,2246
2026-08-21,CRT,Mumbai,4808,2317
2026-08-22,CRT,Mumbai,4906,1493
2026-08-23,CRT,Mumbai,5026,1428
2026-08-24,CRT,Mumbai,4988,395
2026-08-25,CRT,Mumbai,4895,869
2026-08-26,CRT,Mumbai,4736,1241
2026-08-27,CRT,Mumbai,4692,594
2026-08-28,CRT,Mumbai,4726,1570
2026-08-29,CRT,Mumbai,4783,1675
2026-08-30,CRT,Mumbai,4867,1255
2026-08-31,CRT,Mumbai,4844,1886
2026-09-01,CRT,Mumbai,4714,1014
2026-09-02,CRT,Mumbai,4633,2405
2026-09-03,CRT,Mumbai,4548,1365
2026-09-04,CRT,Mumbai,4567,2290
2026-09-05,CRT,Mumbai,4654,2030
2026-09-06,CRT,Mumbai,4783,1760
2026-09-07,CRT,Mumbai,4799,2099
2026-09-08,CRT,Mumbai,4742,793
2026-09-09,CRT,Mumbai,4701,1581
2026-09-10,CRT,Mumbai,4650,1857
2026-09-11,CRT,Mumbai,4739,492
2026-09-12,CRT,Mumbai,4770,1607
2026-09-13,CRT,Mumbai,4806,1497
2026-09-14,CRT,Mumbai,4828,1295
2026-09-15,CRT,Mumbai,4767,1819
2026-09-16,CRT,Mumbai,4642,2022
2026-09-17,CRT,Mumbai,4641,1687
2026-09-18,CRT,Mumbai,4716,2333
2026-06-21,CRT,Delhi,5252,1895
2026-06-22,CRT,Delhi,5200,294
2026-06-23,CRT,Delhi,5061,1161
2026-06-24,CRT,Delhi,4986,527
2026-06-25,CRT,Delhi,4900,1826
2026-06-26,CRT,Delhi,4884,461
2026-06-27,CRT,Delhi,5044,2138
2026-06-28,CRT,Delhi,5130,307
2026-06-29,CRT,Delhi,5172,2346
2026-06-30,CRT,Delhi,5132,540
2026-07-01,CRT,Delhi,4972,836
2026-07-02,CRT,Delhi,4867,1796
2026-07-03,CRT,Delhi,4881,1213
2026-07-04,CRT,Delhi,5012,2015
2026-07-05,CRT,Delhi,5110,737
2026-07-06,CRT,Delhi,5114,898
2026-07-07,CRT,Delhi,4963,1661
2026-07-08,CRT,Delhi,4919,1532
2026-07-09,CRT,Delhi,4929,2113
2026-07-10,CRT,Delhi,5043,2414
2026-07-11,CRT,Delhi,5208,2446
2026-07-12,CRT,Delhi,5281,2408
2026-07-13,CRT,Delhi,5230,2070
2026-07-14,CRT,Delhi,5168,1981
2026-07-15,CRT,Delhi,5071,2386
2026-07-16,CRT,Delhi,4998,1622
2026-07-17,CRT,Delhi,5039,1130
2026-07-18,CRT,Delhi,5184,2009
2026-07-19,CRT,Delhi,5235,1888
2026-07-20,CRT,Delhi,5197,1443
2026-07-21,CRT,Delhi,5041,2343
2026-07-22,CRT,Delhi,4989,758
2026-07-23,CRT,Delhi,4923,2121
2026-07-24,CRT,Delhi,4971,2214
2026-07-25,CRT,Delhi,5136,2154
2026-07-26,CRT,Delhi,5184,1963
2026-07-27,CRT,Delhi,5231,1147
2026-07-28,CRT,Delhi,5195,2445
2026-07-29,CRT,Delhi,5074,1886
2026-07-30,CRT,Delhi,5088,1990
2026-07-31,CRT,Delhi,5116,868
2026-08-01,CRT,Delhi,5249,1796
2026-08-02,CRT,Delhi,5384,1103
2026-08-03,CRT,Delhi,5346,1929
2026-08-04,CRT,Delhi,5282,2316
2026-08-05,CRT,Delhi,5220,1313
2026-08-06,CRT,Delhi,5141,2378
2026-08-07,CRT,Delhi,5234,1891
2026-08-08,CRT,Delhi,5286,480
2026-08-09,CRT,Delhi,5317,1386
2026-08-10,CRT,Delhi,5255,2065
2026-08-11,CRT,Delhi,5191,1314
2026-08-12,CRT,Delhi,5121,2215
2026-08-13,CRT,Delhi,5029,279
2026-08-14,CRT,Delhi,5019,2391
2026-08-15,CRT,Delhi,5044,618
2026-08-16,CRT,Delhi,5089,712
2026-08-17,CRT,Delhi,5122,233
2026-08-18,CRT,Delhi,5002,817
2026-08-19,CRT,Delhi,4833,1089
2026-08-20,CRT,Delhi,4768,1476
2026-08-21,CRT,Delhi,4851,2241
2026-08-22,CRT,Delhi,5019,2099
2026-08-23,CRT,Delhi,5128,329
2026-08-24,CRT,Delhi,5102,798
2026-08-25,CRT,Delhi,4955,1807
2026-08-26,CRT,Delhi,4796,2125
2026-08-27,CRT,Delhi,4709,1224
2026-08-28,CRT,Delhi,4795,251
2026-08-29,CRT,Delhi,4833,1219
2026-08-30,CRT,Delhi,4892,2014
2026-08-31,CRT,Delhi,4855,337
2026-09-01,CRT,Delhi,4736,584
2026-09-02,CRT,Delhi,4646,1053
2026-09-03,CRT,Delhi,4602,1478
2026-09-04,CRT,Delhi,4703,849
2026-09-05,CRT,Delhi,4813,372
2026-09-06,CRT,Delhi,4924,2451
2026-09-07,CRT,Delhi,4927,1237
2026-09-08,CRT,Delhi,4847,1423
2026-09-09,CRT,Delhi,4710,413
2026-09-10,CRT,Delhi,4720,1092
2026-09-11,CRT,Delhi,4829,1166
2026-09-12,CRT,Delhi,4942,1529
2026-09-13,CRT,Delhi,4947,1330
2026-09-14,CRT,Delhi,4959,1821
2026-09-15,CRT,Delhi,4924,236
2026-09-16,CRT,Delhi,4896,2146
2026-09-17,CRT,Delhi,4881,834
2026-09-18,CRT,Delhi,4904,566
2026-06-21,CRT,Bengaluru,4939,2247
2026-06-22,CRT,Bengaluru,4879,1586
2026-06-23,CRT,Bengaluru,4864,445
2026-06-24,CRT,Bengaluru,4707,830
2026-06-25,CRT,Bengaluru,4694,639
2026-06-26,CRT,Bengaluru,4681,1153
2026-06-27,CRT,Bengaluru,4746,2487
2026-06-28,CRT,Bengaluru,4862,1622
2026-06-29,CRT,Bengaluru,4907,1996
2026-06-30,CRT,Bengaluru,4864,287
2026-07-01,CRT,Bengaluru,4796,1667
2026-07-02,CRT,Bengaluru,4787,1226
2026-07-03,CRT,Bengaluru,4886,2187
2026-07-04,CRT,Bengaluru,5012,2489
2026-07-05,CRT,Bengaluru,5059,2207
2026-07-06,CRT,Bengaluru,5012,964
2026-07-07,CRT,Bengaluru,4940,1525
2026-07-08,CRT,Bengaluru,4878,1327
2026-07-09,CRT,Bengaluru,4889,2471
2026-07-10,CRT,Bengaluru,4881,2375
2026-07-11,CRT,Bengaluru,4924,1411
2026-07-12,CRT,Bengaluru,5049,2418
2026-07-13,CRT,Bengaluru,5029,202
2026-07-14,CRT,Bengaluru,4992,2272
2026-07-15,CRT,Bengaluru,4876,959
2026-07-16,CRT,Bengaluru,4890,1691
2026-07-17,CRT,Bengaluru,4973,1178
2026-07-18,CRT,Bengaluru,5043,459
2026-07-19,CRT,Bengaluru,5146,2407
2026-07-20,CRT,Bengaluru,5195,977
2026-07-21,CRT,Bengaluru,5118,2237
2026-07-22,CRT,Bengaluru,5058,831
2026-07-23,CRT,Bengaluru,5031,1521
2026-07-24,CRT,Bengaluru,5061,1519
2026-07-25,CRT,Bengaluru,5099,2343
2026-07-26,CRT,Bengaluru,5204,379
2026-07-27,CRT,Bengaluru,5256,731
2026-07-28,CRT,Bengaluru,5124,328
2026-07-29,CRT,Bengaluru,4979,2188
2026-07-30,CRT,Bengaluru,4890,330
2026-07-31,CRT,Bengaluru,4943,1791
2026-08-01,CRT,Bengaluru,5063,2353
2026-08-02,CRT,Bengaluru,5162,1248
2026-08-03,CRT,Bengaluru,5092,1104
2026-08-04,CRT,Bengaluru,5028,490
2026-08-05,CRT,Bengaluru,4858,1054
2026-08-06,CRT,Bengaluru,4838,527
2026-08-07,CRT,Bengaluru,4876,448
2026-08-08,CRT,Bengaluru,4950,1903
2026-08-09,CRT,Bengaluru,5076,438
2026-08-10,CRT,Bengaluru,5125,1288
2026-08-11,CRT,Bengaluru,5050,488
2026-08-12,CRT,Bengaluru,5001,519
2026-08-13,CRT,Bengaluru,5024,2327
2026-08-14,CRT,Bengaluru,5006,1146
2026-08-15,CRT,Bengaluru,5108,976
2026-08-16,CRT,Bengaluru,5140,1218
2026-08-17,CRT,Bengaluru,5151,932
2026-08-18,CRT,Bengaluru,5080,2486
2026-08-19,CRT,Bengaluru,4968,632
2026-08-20,CRT,Bengaluru,4964,1666
2026-08-21,CRT,Bengaluru,5033,1949
2026-08-22,CRT,Bengaluru,5190,883
2026-08-23,CRT,Bengaluru,5318,2452
2026-08-24,CRT,Bengaluru,5302,1582
2026-08-25,CRT,Bengaluru,5244,2386
2026-08-26,CRT,Bengaluru,5219,2014
2026-08-27,CRT,Bengaluru,5241,1490
2026-08-28,CRT,Bengaluru,5294,1529
2026-08-29,CRT,Bengaluru,5453,1888
2026-08-30,CRT,Bengaluru,5582,1963
2026-08-31,CRT,Bengaluru,5637,1524
2026-09-01,CRT,Bengaluru,5567,2434
2026-09-02,CRT,Bengaluru,5411,2453
2026-09-03,CRT,Bengaluru,5433,1240
2026-09-04,CRT,Bengaluru,5457,2053
2026-09-05,CRT,Bengaluru,5555,1826
2026-09-06,CRT,Bengaluru,5557,341
2026-09-07,CRT,Bengaluru,5638,266
2026-09-08,CRT,Bengaluru,5552,1436
2026-09-09,CRT,Bengaluru,5363,1108
2026-09-10,CRT,Bengaluru,5271,1489
2026-09-11,CRT,Bengaluru,5241,1330
2026-09-12,CRT,Bengaluru,5410,2294
2026-09-13,CRT,Bengaluru,5504,833
2026-09-14,CRT,Bengaluru,5437,2085
2026-09-15,CRT,Bengaluru,5329,766
2026-09-16,CRT,Bengaluru,5188,1223
2026-09-17,CRT,Bengaluru,5102,1430
2026-09-18,CRT,Bengaluru,5083,1837
2026-06-21,CRT,Pune,5089,1090
2026-06-22,CRT,Pune,5124,1529
2026-06-23,CRT,Pune,5089,908
2026-06-24,CRT,Pune,4988,590
2026-06-25,CRT,Pune,4959,1430
2026-06-26,CRT,Pune,4932,1762
2026-06-27,CRT,Pune,4965,429
2026-06-28,CRT,Pune,5106,1569
2026-06-29,CRT,Pune,5083,1978
2026-06-30,CRT,Pune,4991,693
2026-07-01,CRT,Pune,4948,1128
2026-07-02,CRT,Pune,4941,246
2026-07-03,CRT,Pune,5004,1766
2026-07-04,CRT,Pune,5034,2347
2026-07-05,CRT,Pune,5042,2411
2026-07-06,CRT,Pune,5052,1538
2026-07-07,CRT,Pune,4973,1104
2026-07-08,CRT,Pune,4825,1809
2026-07-09,CRT,Pune,4851,2267
2026-07-10,CRT,Pune,4833,1969
2026-07-11,CRT,Pune,4896,1815
2026-07-12,CRT,Pune,4920,1576
2026-07-13,CRT,Pune,4859,401
2026-07-14,CRT,Pune,4790,1275
2026-07-15,CRT,Pune,4638,2255
2026-07-16,CRT,Pune,4588,734
2026-07-17,CRT,Pune,4665,2169
2026-07-18,CRT,Pune,4764,2198
2026-07-19,CRT,Pune,4823,1003
2026-07-20,CRT,Pune,4832,2347
2026-07-21,CRT,Pune,4720,493
2026-07-22,CRT,Pune,4596,1961
2026-07-23,CRT,Pune,4532,566
2026-07-24,CRT,Pune,4518,1894
2026-07-25,CRT,Pune,4596,1626
2026-07-26,CRT,Pune,4624,1611
2026-07-27,CRT,Pune,4637,299
2026-07-28,CRT,Pune,4602,893
2026-07-29,CRT,Pune,4578,2011
2026-07-30,CRT,Pune,4555,2004
2026-07-31,CRT,Pune,4532,1156
2026-08-01,CRT,Pune,4578,1731
2026-08-02,CRT,Pune,4602,551
2026-08-03,CRT,Pune,4549,423
2026-08-04,CRT,Pune,4443,804
2026-08-05,CRT,Pune,4404,1378
2026-08-06,CRT,Pune,4303,655
2026-08-07,CRT,Pune,4315,2129
2026-08-08,CRT,Pune,4336,1056
2026-08-09,CRT,Pune,4435,1067
2026-08-10,CRT,Pune,4396,2343
2026-08-11,CRT,Pune,4360,2447
2026-08-12,CRT,Pune,4272,778
2026-08-13,CRT,Pune,4260,275
2026-08-14,CRT,Pune,4281,2357
2026-08-15,CRT,Pune,4305,897
2026-08-16,CRT,Pune,4314,1022
2026-08-17,CRT,Pune,4352,1311
2026-08-18,CRT,Pune,4226,234
2026-08-19,CRT,Pune,4090,1311
2026-08-20,CRT,Pune,4074,1675
2026-08-21,CRT,Pune,4155,278
2026-08-22,CRT,Pune,4209,1783
2026-08-23,CRT,Pune,4241,1759
2026-08-24,CRT,Pune,4242,607
2026-08-25,CRT,Pune,4226,2185
2026-08-26,CRT,Pune,4189,2377
2026-08-27,CRT,Pune,4102,1014
2026-08-28,CRT,Pune,4137,2075
2026-08-29,CRT,Pune,4226,288
2026-08-30,CRT,Pune,4232,2368
2026-08-31,CRT,Pune,4208,2206
2026-09-01,CRT,Pune,4129,843
2026-09-02,CRT,Pune,3990,1641
2026-09-03,CRT,Pune,3938,1438
2026-09-04,CRT,Pune,3941,2253
2026-09-05,CRT,Pune,3990,453
2026-09-06,CRT,Pune,4068,1785
2026-09-07,CRT,Pune,4116,320
2026-09-08,CRT,Pune,4105,1347
2026-09-09,CRT,Pune,3992,1599
2026-09-10,CRT,Pune,4005,762
2026-09-11,CRT,Pune,3989,1765
2026-09-12,CRT,Pune,4070,1131
2026-09-13,CRT,Pune,4123,825
2026-09-14,CRT,Pune,4114,1479
2026-09-15,CRT,Pune,4100,1548
2026-09-16,CRT,Pune,4013,739
2026-09-17,CRT,Pune,3944,767
2026-09-18,CRT,Pune,3988,1028
2026-06-21,CRT,Nagpur,4877,1465
2026-06-22,CRT,Nagpur,4904,2345
2026-06-23,CRT,Nagpur,4887,1961
2026-06-24,CRT,Nagpur,4863,794
2026-06-25,CRT,Nagpur,4843,847
2026-06-26,CRT,Nagpur,4859,2482
2026-06-27,CRT,Nagpur,4958,684
2026-06-28,CRT,Nagpur,4988,796
2026-06-29,CRT,Nagpur,5022,1505
2026-06-30,CRT,Nagpur,5000,1895
2026-07-01,CRT,Nagpur,4970,1442
2026-07-02,CRT,Nagpur,4919,1321
2026-07-03,CRT,Nagpur,4910,969
2026-07-04,CRT,Nagpur,4946,956
2026-07-05,CRT,Nagpur,4952,1293
2026-07-06,CRT,Nagpur,4968,1145
2026-07-07,CRT,Nagpur,4904,1145
2026-07-08,CRT,Nagpur,4836,1671
2026-07-09,CRT,Nagpur,4733,2152
2026-07-10,CRT,Nagpur,4722,2120
2026-07-11,CRT,Nagpur,4845,1731
2026-07-12,CRT,Nagpur,4874,1787
2026-07-13,CRT,Nagpur,4872,763
2026-07-14,CRT,Nagpur,4748,1126
2026-07-15,CRT,Nagpur,4590,261
2026-07-16,CRT,Nagpur,4608,1891
2026-07-17,CRT,Nagpur,4610,1030
2026-07-18,CRT,Nagpur,4736,470
2026-07-19,CRT,Nagpur,4763,1999
2026-07-20,CRT,Nagpur,4816,2206
2026-07-21,CRT,Nagpur,4767,2074
2026-07-22,CRT,Nagpur,4729,1951
2026-07-23,CRT,Nagpur,4674,371
2026-07-24,CRT,Nagpur,4730,1758
2026-07-25,CRT,Nagpur,4854,1814
2026-07-26,CRT,Nagpur,4946,2396
2026-07-27,CRT,Nagpur,4950,357
2026-07-28,CRT,Nagpur,4876,2049
2026-07-29,CRT,Nagpur,4774,373
2026-07-30,CRT,Nagpur,4787,1206
2026-07-31,CRT,Nagpur,4831,1820
2026-08-01,CRT,Nagpur,4997,360
2026-08-02,CRT,Nagpur,5084,2314
2026-08-03,CRT,Nagpur,5124,401
2026-08-04,CRT,Nagpur,4997,2000
2026-08-05,CRT,Nagpur,4885,1447
2026-08-06,CRT,Nagpur,4882,1371
2026-08-07,CRT,Nagpur,4919,1930
2026-08-08,CRT,Nagpur,4984,423
2026-08-09,CRT,Nagpur,5090,782
2026-08-10,CRT,Nagpur,5085,2050
2026-08-11,CRT,Nagpur,4944,2250
2026-08-12,CRT,Nagpur,4791,2438
2026-08-13,CRT,Nagpur,4698,1893
2026-08-14,CRT,Nagpur,4713,302
2026-08-15,CRT,Nagpur,4759,1027
2026-08-16,CRT,Nagpur,4889,569
2026-08-17,CRT,Nagpur,4852,871
2026-08-18,CRT,Nagpur,4807,706
2026-08-19,CRT,Nagpur,4656,2040
2026-08-20,CRT,Nagpur,4634,549
2026-08-21,CRT,Nagpur,4678,1773
2026-08-22,CRT,Nagpur,4801,2295
2026-08-23,CRT,Nagpur,4893,854
2026-08-24,CRT,Nagpur,4875,1758
2026-08-25,CRT,Nagpur,4733,899
2026-08-26,CRT,Nagpur,4698,814
2026-08-27,CRT,Nagpur,4610,792
2026-08-28,CRT,Nagpur,4605,410
2026-08-29,CRT,Nagpur,4684,1467
2026-08-30,CRT,Nagpur,4790,2027
2026-08-31,CRT,Nagpur,4760,940
2026-09-01,CRT,Nagpur,4631,738
2026-09-02,CRT,Nagpur,4604,214
2026-09-03,CRT,Nagpur,4581,1236
2026-09-04,CRT,Nagpur,4553,2238
2026-09-05,CRT,Nagpur,4691,2426
2026-09-06,CRT,Nagpur,4808,2221
2026-09-07,CRT,Nagpur,4771,2148
2026-09-08,CRT,Nagpur,4689,2009
2026-09-09,CRT,Nagpur,4540,226
2026-09-10,CRT,Nagpur,4466,2441
2026-09-11,CRT,Nagpur,4475,2483
2026-09-12,CRT,Nagpur,4606,1050
2026-09-13,CRT,Nagpur,4615,807
2026-09-14,CRT,Nagpur,4553,1629
2026-09-15,CRT,Nagpur,4420,332
2026-09-16,CRT,Nagpur,4355,1422
2026-09-17,CRT,Nagpur,4295,559
2026-09-18,CRT,Nagpur,4274,1907
2026-06-21,CRT,Jaipur,4999,860
2026-06-22,CRT,Jaipur,5025,926
2026-06-23,CRT,Jaipur,5015,1675
2026-06-24,CRT,Jaipur,4981,581
2026-06-25,CRT,Jaipur,4978,1522
2026-06-26,CRT,Jaipur,5001,1752
2026-06-27,CRT,Jaipur,5148,1950
2026-06-28,CRT,Jaipur,5282,465
2026-06-29,CRT,Jaipur,5249,751
2026-06-30,CRT,Jaipur,5108,1324
2026-07-01,CRT,Jaipur,4983,1894
2026-07-02,CRT,Jaipur,4944,1056
2026-07-03,CRT,Jaipur,5003,647
2026-07-04,CRT,Jaipur,5112,2366
2026-07-05,CRT,Jaipur,5267,2181
2026-07-06,CRT,Jaipur,5303,1376
2026-07-07,CRT,Jaipur,5209,1496
2026-07-08,CRT,Jaipur,5070,1649
2026-07-09,CRT,Jaipur,5091,2233
2026-07-10,CRT,Jaipur,5138,2238
2026-07-11,CRT,Jaipur,5237,936
2026-07-12,CRT,Jaipur,5380,1153
2026-07-13,CRT,Jaipur,5414,992
2026-07-14,CRT,Jaipur,5249,298
2026-07-15,CRT,Jaipur,5141,683
2026-07-16,CRT,Jaipur,5133,1049
2026-07-17,CRT,Jaipur,5224,1898
2026-07-18,CRT,Jaipur,5312,1567
2026-07-19,CRT,Jaipur,5371,1069
2026-07-20,CRT,Jaipur,5292,1024
2026-07-21,CRT,Jaipur,5239,1242
2026-07-22,CRT,Jaipur,5182,1460
2026-07-23,CRT,Jaipur,5106,2452
2026-07-24,CRT,Jaipur,5123,225
2026-07-25,CRT,Jaipur,5163,1565
2026-07-26,CRT,Jaipur,5218,319
2026-07-27,CRT,Jaipur,5270,994
2026-07-28,CRT,Jaipur,5162,1584
2026-07-29,CRT,Jaipur,5125,2162
2026-07-30,CRT,Jaipur,5144,345
2026-07-31,CRT,Jaipur,5211,2172
2026-08-01,CRT,Jaipur,5258,2086
2026-08-02,CRT,Jaipur,5403,2399
2026-08-03,CRT,Jaipur,5467,2094
2026-08-04,CRT,Jaipur,5428,1895
2026-08-05,CRT,Jaipur,5390,429
2026-08-06,CRT,Jaipur,5397,1426
2026-08-07,CRT,Jaipur,5454,1492
2026-08-08,CRT,Jaipur,5570,276
2026-08-09,CRT,Jaipur,5608,1558
2026-08-10,CRT,Jaipur,5658,1648
2026-08-11,CRT,Jaipur,5497,811
2026-08-12,CRT,Jaipur,5354,327
2026-08-13,CRT,Jaipur,5282,1736
2026-08-14,CRT,Jaipur,5348,879
2026-08-15,CRT,Jaipur,5464,1795
2026-08-16,CRT,Jaipur,5498,678
2026-08-17,CRT,Jaipur,5558,1462
2026-08-18,CRT,Jaipur,5504,1488
2026-08-19,CRT,Jaipur,5431,1312
2026-08-20,CRT,Jaipur,5370,2235
2026-08-21,CRT,Jaipur,5478,1722
2026-08-22,CRT,Jaipur,5577,1439
2026-08-23,CRT,Jaipur,5616,1438
2026-08-24,CRT,Jaipur,5561,1732
2026-08-25,CRT,Jaipur,5521,1027
2026-08-26,CRT,Jaipur,5480,2017
2026-08-27,CRT,Jaipur,5434,2176
2026-08-28,CRT,Jaipur,5547,831
2026-08-29,CRT,Jaipur,5603,2180
2026-08-30,CRT,Jaipur,5730,2344
2026-08-31,CRT,Jaipur,5698,1540
2026-09-01,CRT,Jaipur,5549,602
2026-09-02,CRT,Jaipur,5493,2314
2026-09-03,CRT,Jaipur,5474,743
2026-09-04,CRT,Jaipur,5473,349
2026-09-05,CRT,Jaipur,5573,2339
2026-09-06,CRT,Jaipur,5595,1473
2026-09-07,CRT,Jaipur,5667,556
2026-09-08,CRT,Jaipur,5551,388
2026-09-09,CRT,Jaipur,5378,1479
2026-09-10,CRT,Jaipur,5255,1478
2026-09-11,CRT,Jaipur,5322,1059
2026-09-12,CRT,Jaipur,5397,988
2026-09-13,CRT,Jaipur,5446,2380
2026-09-14,CRT,Jaipur,5417,2006
2026-09-15,CRT,Jaipur,5359,1316
2026-09-16,CRT,Jaipur,5200,1320
2026-09-17,CRT,Jaipur,5095,2492
2026-09-18,CRT,Jaipur,5141,1046
2026-06-21,LCD,Mumbai,19220,2450
2026-06-22,LCD,Mumbai,19115,779
2026-06-23,LCD,Mumbai,19067,1360
2026-06-24,LCD,Mumbai,18736,901
2026-06-25,LCD,Mumbai,18335,1587
2026-06-26,LCD,Mumbai,18517,407
2026-06-27,LCD,Mumbai,18668,2128
2026-06-28,LCD,Mumbai,19189,406
2026-06-29,LCD,Mumbai,18963,420
2026-06-30,LCD,Mumbai,18434,1805
2026-07-01,LCD,Mumbai,17901,2026
2026-07-02,LCD,Mumbai,17807,1479
2026-07-03,LCD,Mumbai,17872,1011
2026-07-04,LCD,Mumbai,18336,2385
2026-07-05,LCD,Mumbai,18388,2107
2026-07-06,LCD,Mumbai,18425,580
2026-07-07,LCD,Mumbai,18307,2118
2026-07-08,LCD,Mumbai,17733,1471
2026-07-09,LCD,Mumbai,17677,2106
2026-07-10,LCD,Mumbai,17814,1116
2026-07-11,LCD,Mumbai,17968,1256
2026-07-12,LCD,Mumbai,18475,1805
2026-07-13,LCD,Mumbai,18299,1553
2026-07-14,LCD,Mumbai,18169,1530
2026-07-15,LCD,Mumbai,17790,323
2026-07-16,LCD,Mumbai,17405,662
2026-07-17,LCD,Mumbai,17478,2089
2026-07-18,LCD,Mumbai,18004,1356
2026-07-19,LCD,Mumbai,18432,721
2026-07-20,LCD,Mumbai,18437,1861
2026-07-21,LCD,Mumbai,18321,638
2026-07-22,LCD,Mumbai,17870,490
2026-07-23,LCD,Mumbai,17871,2382
2026-07-24,LCD,Mumbai,18005,1893
2026-07-25,LCD,Mumbai,18212,1198
2026-07-26,LCD,Mumbai,18523,2175
2026-07-27,LCD,Mumbai,18459,1595
2026-07-28,LCD,Mumbai,18011,1965
2026-07-29,LCD,Mumbai,17810,1983
2026-07-30,LCD,Mumbai,17691,1601
2026-07-31,LCD,Mumbai,17869,1167
2026-08-01,LCD,Mumbai,18038,519
2026-08-02,LCD,Mumbai,18452,2193
2026-08-03,LCD,Mumbai,18239,2096
2026-08-04,LCD,Mumbai,17859,599
2026-08-05,LCD,Mumbai,17680,921
2026-08-06,LCD,Mumbai,17426,1862
2026-08-07,LCD,Mumbai,17350,645
2026-08-08,LCD,Mumbai,17787,1752
2026-08-09,LCD,Mumbai,17972,451
2026-08-10,LCD,Mumbai,17751,769
2026-08-11,LCD,Mumbai,17676,200
2026-08-12,LCD,Mumbai,17465,811
2026-08-13,LCD,Mumbai,17289,1393
2026-08-14,LCD,Mumbai,17382,2031
2026-08-15,LCD,Mumbai,17559,1496
2026-08-16,LCD,Mumbai,17726,1447
2026-08-17,LCD,Mumbai,17949,1980
2026-08-18,LCD,Mumbai,17784,1610
2026-08-19,LCD,Mumbai,17693,233
2026-08-20,LCD,Mumbai,17598,2290
2026-08-21,LCD,Mumbai,17700,722
2026-08-22,LCD,Mumbai,18236,455
2026-08-23,LCD,Mumbai,18449,2448
2026-08-24,LCD,Mumbai,18708,203
2026-08-25,LCD,Mumbai,18527,1671
2026-08-26,LCD,Mumbai,17953,1355
2026-08-27,LCD,Mumbai,17993,1163
2026-08-28,LCD,Mumbai,18112,1814
2026-08-29,LCD,Mumbai,18534,1767
2026-08-30,LCD,Mumbai,18771,1982
2026-08-31,LCD,Mumbai,18796,910
2026-09-01,LCD,Mumbai,18489,970
2026-09-02,LCD,Mumbai,18158,1675
2026-09-03,LCD,Mumbai,18184,831
2026-09-04,LCD,Mumbai,18226,714
2026-09-05,LCD,Mumbai,18377,493
2026-09-06,LCD,Mumbai,18748,789
2026-09-07,LCD,Mumbai,18872,2193
2026-09-08,LCD,Mumbai,18665,756
2026-09-09,LCD,Mumbai,18073,1903
2026-09-10,LCD,Mumbai,18110,1943
2026-09-11,LCD,Mumbai,18334,2061
2026-09-12,LCD,Mumbai,18697,2461
2026-09-13,LCD,Mumbai,19172,1775
2026-09-14,LCD,Mumbai,19089,961
2026-09-15,LCD,Mumbai,18748,230
2026-09-16,LCD,Mumbai,18425,1169
2026-09-17,LCD,Mumbai,18382,1302
2026-09-18,LCD,Mumbai,18492,2437
2026-06-21,LCD,Delhi,18690,337
2026-06-22,LCD,Delhi,18958,2179
2026-06-23,LCD,Delhi,18776,663
2026-06-24,LCD,Delhi,18454,527
2026-06-25,LCD,Delhi,18098,2356
2026-06-26,LCD,Delhi,18520,1344
2026-06-27,LCD,Delhi,18861,520
2026-06-28,LCD,Delhi,19169,562
2026-06-29,LCD,Delhi,19023,519
2026-06-30,LCD,Delhi,18829,2408
2026-07-01,LCD,Delhi,18627,1479
2026-07-02,LCD,Delhi,18528,1607
2026-07-03,LCD,Delhi,18708,244
2026-07-04,LCD,Delhi,19055,2299
2026-07-05,LCD,Delhi,19589,1557
2026-07-06,LCD,Delhi,19542,1406
2026-07-07,LCD,Delhi,19115,344
2026-07-08,LCD,Delhi,18852,1445
2026-07-09,LCD,Delhi,18816,1266
2026-07-10,LCD,Delhi,18729,2138
2026-07-11,LCD,Delhi,19139,411
2026-07-12,LCD,Delhi,19530,1395
2026-07-13,LCD,Delhi,19711,311
2026-07-14,LCD,Delhi,19278,537
2026-07-15,LCD,Delhi,18691,514
2026-07-16,LCD,Delhi,18724,1338
2026-07-17,LCD,Delhi,18746,1350
2026-07-18,LCD,Delhi,18983,1252
2026-07-19,LCD,Delhi,18999,656
2026-07-20,LCD,Delhi,19058,819
2026-07-21,LCD,Delhi,18849,1714
2026-07-22,LCD,Delhi,18652,1270
2026-07-23,LCD,Delhi,18647,1167
2026-07-24,LCD,Delhi,18801,2360
2026-07-25,LCD,Delhi,19375,1604
2026-07-26,LCD,Delhi,19964,794
2026-07-27,LCD,Delhi,20021,831
2026-07-28,LCD,Delhi,19908,1891
2026-07-29,LCD,Delhi,19678,1174
2026-07-30,LCD,Delhi,19601,885
2026-07-31,LCD,Delhi,19600,1613
2026-08-01,LCD,Delhi,19715,1282
2026-08-02,LCD,Delhi,20177,675
2026-08-03,LCD,Delhi,19906,2100
2026-08-04,LCD,Delhi,19535,1434
2026-08-05,LCD,Delhi,19140,2381
2026-08-06,LCD,Delhi,18823,1797
2026-08-07,LCD,Delhi,18972,794
2026-08-08,LCD,Delhi,19359,1980
2026-08-09,LCD,Delhi,19374,2038
2026-08-10,LCD,Delhi,19305,1493
2026-08-11,LCD,Delhi,19267,368
2026-08-12,LCD,Delhi,18663,2376
2026-08-13,LCD,Delhi,18577,1968
2026-08-14,LCD,Delhi,18801,1316
2026-08-15,LCD,Delhi,19072,1293
2026-08-16,LCD,Delhi,19546,1245
2026-08-17,LCD,Delhi,19637,1802
2026-08-18,LCD,Delhi,19307,1190
2026-08-19,LCD,Delhi,19064,998
2026-08-20,LCD,Delhi,18910,936
2026-08-21,LCD,Delhi,18967,243
2026-08-22,LCD,Delhi,19437,478
2026-08-23,LCD,Delhi,19452,600
2026-08-24,LCD,Delhi,19466,2026
2026-08-25,LCD,Delhi,19077,1360
2026-08-26,LCD,Delhi,18566,339
2026-08-27,LCD,Delhi,18141,576
2026-08-28,LCD,Delhi,18056,1088
2026-08-29,LCD,Delhi,18656,698
2026-08-30,LCD,Delhi,19066,691
2026-08-31,LCD,Delhi,18830,732
2026-09-01,LCD,Delhi,18466,956
2026-09-02,LCD,Delhi,18322,954
2026-09-03,LCD,Delhi,18028,2112
2026-09-04,LCD,Delhi,18272,510
2026-09-05,LCD,Delhi,18706,1332
2026-09-06,LCD,Delhi,19152,1524
2026-09-07,LCD,Delhi,19013,503
2026-09-08,LCD,Delhi,18590,455
2026-09-09,LCD,Delhi,18164,1562
2026-09-10,LCD,Delhi,18274,1257
2026-09-11,LCD,Delhi,18684,1284
2026-09-12,LCD,Delhi,18865,484
2026-09-13,LCD,Delhi,19155,1021
2026-09-14,LCD,Delhi,19218,930
2026-09-15,LCD,Delhi,19000,644
2026-09-16,LCD,Delhi,18431,1966
2026-09-17,LCD,Delhi,18117,635
2026-09-18,LCD,Delhi,18500,1260
2026-06-21,LCD,Bengaluru,17703,498
2026-06-22,LCD,Bengaluru,17474,1226
2026-06-23,LCD,Bengaluru,17344,276
2026-06-24,LCD,Bengaluru,17208,809
2026-06-25,LCD,Bengaluru,17137,203
2026-06-26,LCD,Bengaluru,17510,1799
2026-06-27,LCD,Bengaluru,17727,1550
2026-06-28,LCD,Bengaluru,18223,215
2026-06-29,LCD,Bengaluru,18231,2209
2026-06-30,LCD,Bengaluru,17934,1854
2026-07-01,LCD,Bengaluru,17766,487
2026-07-02,LCD,Bengaluru,17633,213
2026-07-03,LCD,Bengaluru,17724,2174
2026-07-04,LCD,Bengaluru,17865,2392
2026-07-05,LCD,Bengaluru,18381,1670
2026-07-06,LCD,Bengaluru,18289,1440
2026-07-07,LCD,Bengaluru,17949,571
2026-07-08,LCD,Bengaluru,17528,1592
2026-07-09,LCD,Bengaluru,17157,2082
2026-07-10,LCD,Bengaluru,17441,1387
2026-07-11,LCD,Bengaluru,17860,923
2026-07-12,LCD,Bengaluru,18169,1773
2026-07-13,LCD,Bengaluru,18257,1424
2026-07-14,LCD,Bengaluru,18077,637
2026-07-15,LCD,Bengaluru,17794,1671
2026-07-16,LCD,Bengaluru,17632,1993
2026-07-17,LCD,Bengaluru,17911,773
2026-07-18,LCD,Bengaluru,18006,303
2026-07-19,LCD,Bengaluru,18408,1176
2026-07-20,LCD,Bengaluru,18402,458
2026-07-21,LCD,Bengaluru,18273,1460
2026-07-22,LCD,Bengaluru,17917,2040
2026-07-23,LCD,Bengaluru,18010,267
2026-07-24,LCD,Bengaluru,17914,429
2026-07-25,LCD,Bengaluru,18174,375
2026-07-26,LCD,Bengaluru,18406,1067
2026-07-27,LCD,Bengaluru,18576,2342
2026-07-28,LCD,Bengaluru,18263,2397
2026-07-29,LCD,Bengaluru,17718,1154
2026-07-30,LCD,Bengaluru,17788,351
2026-07-31,LCD,Bengaluru,18069,2202
2026-08-01,LCD,Bengaluru,18506,2130
2026-08-02,LCD,Bengaluru,19025,387
2026-08-03,LCD,Bengaluru,18879,734
2026-08-04,LCD,Bengaluru,18313,404
2026-08-05,LCD,Bengaluru,18174,598
2026-08-06,LCD,Bengaluru,17992,899
2026-08-07,LCD,Bengaluru,18331,461
2026-08-08,LCD,Bengaluru,18866,635
2026-08-09,LCD,Bengaluru,18940,1103
2026-08-10,LCD,Bengaluru,18691,1030
2026-08-11,LCD,Bengaluru,18358,1846
2026-08-12,LCD,Bengaluru,17906,2435
2026-08-13,LCD,Bengaluru,17557,1073
2026-08-14,LCD,Bengaluru,17850,910
2026-08-15,LCD,Bengaluru,18108,694
2026-08-16,LCD,Bengaluru,18266,1900
2026-08-17,LCD,Bengaluru,18085,1715
2026-08-18,LCD,Bengaluru,17830,1996
2026-08-19,LCD,Bengaluru,17348,366
2026-08-20,LCD,Bengaluru,17008,1740
2026-08-21,LCD,Bengaluru,17299,264
2026-08-22,LCD,Bengaluru,17837,530
2026-08-23,LCD,Bengaluru,17848,934
2026-08-24,LCD,Bengaluru,18076,1362
2026-08-25,LCD,Bengaluru,17749,2149
2026-08-26,LCD,Bengaluru,17503,1044
2026-08-27,LCD,Bengaluru,17165,1309
2026-08-28,LCD,Bengaluru,17326,1887
2026-08-29,LCD,Bengaluru,17526,914
2026-08-30,LCD,Bengaluru,17859,354
2026-08-31,LCD,Bengaluru,17910,2247
2026-09-01,LCD,Bengaluru,17690,560
2026-09-02,LCD,Bengaluru,17411,1433
2026-09-03,LCD,Bengaluru,17181,218
2026-09-04,LCD,Bengaluru,17360,986
2026-09-05,LCD,Bengaluru,17496,2371
2026-09-06,LCD,Bengaluru,18023,1682
2026-09-07,LCD,Bengaluru,18219,2410
2026-09-08,LCD,Bengaluru,17939,2101
2026-09-09,LCD,Bengaluru,17731,1052
2026-09-10,LCD,Bengaluru,17460,993
2026-09-11,LCD,Bengaluru,17407,811
2026-09-12,LCD,Bengaluru,17845,2143
2026-09-13,LCD,Bengaluru,18122,854
2026-09-14,LCD,Bengaluru,18215,376
2026-09-15,LCD,Bengaluru,17690,1691
2026-09-16,LCD,Bengaluru,17233,1980
2026-09-17,LCD,Bengaluru,16956,2056
2026-09-18,LCD,Bengaluru,16869,414
2026-06-21,LCD,Pune,18514,920
2026-06-22,LCD,Pune,18325,319
2026-06-23,LCD,Pune,18030,675
2026-06-24,LCD,Pune,17451,1163
2026-06-25,LCD,Pune,17414,1535
2026-06-26,LCD,Pune,17523,1534
2026-06-27,LCD,Pune,17720,651
2026-06-28,LCD,Pune,17903,601
2026-06-29,LCD,Pune,17762,1889
2026-06-30,LCD,Pune,17678,1738
2026-07-01,LCD,Pune,17537,501
2026-07-02,LCD,Pune,17370,2184
2026-07-03,LCD,Pune,17286,1985
2026-07-04,LCD,Pune,17435,2063
2026-07-05,LCD,Pune,17537,1729
2026-07-06,LCD,Pune,17346,995
2026-07-07,LCD,Pune,17142,1304
2026-07-08,LCD,Pune,16658,721
2026-07-09,LCD,Pune,16281,444
2026-07-10,LCD,Pune,16314,655
2026-07-11,LCD,Pune,16808,2078
2026-07-12,LCD,Pune,17029,1607
2026-07-13,LCD,Pune,16886,1408
2026-07-14,LCD,Pune,16674,896
2026-07-15,LCD,Pune,16387,2464
2026-07-16,LCD,Pune,16418,554
2026-07-17,LCD,Pune,16516,2337
2026-07-18,LCD,Pune,16833,1086
2026-07-19,LCD,Pune,17143,2095
2026-07-20,LCD,Pune,17029,1953
2026-07-21,LCD,Pune,16882,1210
2026-07-22,LCD,Pune,16427,1978
2026-07-23,LCD,Pune,16324,810
2026-07-24,LCD,Pune,16670,220
2026-07-25,LCD,Pune,16953,381
2026-07-26,LCD,Pune,16980,2127
2026-07-27,LCD,Pune,17099,2265
2026-07-28,LCD,Pune,16596,2375
2026-07-29,LCD,Pune,16221,601
2026-07-30,LCD,Pune,16058,1185
2026-07-31,LCD,Pune,15994,250
2026-08-01,LCD,Pune,16401,1865
2026-08-02,LCD,Pune,16882,743
2026-08-03,LCD,Pune,16810,1179
2026-08-04,LCD,Pune,16621,571
2026-08-05,LCD,Pune,16060,1448
2026-08-06,LCD,Pune,15759,2081
2026-08-07,LCD,Pune,16066,299
2026-08-08,LCD,Pune,16614,2099
2026-08-09,LCD,Pune,17011,1860
2026-08-10,LCD,Pune,16850,1717
2026-08-11,LCD,Pune,16650,205
2026-08-12,LCD,Pune,16502,489
2026-08-13,LCD,Pune,16302,1563
2026-08-14,LCD,Pune,16459,1414
2026-08-15,LCD,Pune,16743,1305
2026-08-16,LCD,Pune,17105,2421
2026-08-17,LCD,Pune,17144,1048
2026-08-18,LCD,Pune,17022,531
2026-08-19,LCD,Pune,16750,1575
2026-08-20,LCD,Pune,16722,424
2026-08-21,LCD,Pune,16875,1690
2026-08-22,LCD,Pune,17404,654
2026-08-23,LCD,Pune,17614,2106
2026-08-24,LCD,Pune,17677,1697
2026-08-25,LCD,Pune,17331,2488
2026-08-26,LCD,Pune,17097,2496
2026-08-27,LCD,Pune,17055,1038
2026-08-28,LCD,Pune,17017,1571
2026-08-29,LCD,Pune,17213,665
2026-08-30,LCD,Pune,17560,1059
2026-08-31,LCD,Pune,17693,1123
2026-09-01,LCD,Pune,17323,1295
2026-09-02,LCD,Pune,16987,1932
2026-09-03,LCD,Pune,16727,459
2026-09-04,LCD,Pune,16808,2053
2026-09-05,LCD,Pune,17128,2357
2026-09-06,LCD,Pune,17568,2125
2026-09-07,LCD,Pune,17679,2382
2026-09-08,LCD,Pune,17611,2051
2026-09-09,LCD,Pune,17330,468
2026-09-10,LCD,Pune,17019,2075
2026-09-11,LCD,Pune,16954,1800
2026-09-12,LCD,Pune,17491,1381
2026-09-13,LCD,Pune,18009,515
2026-09-14,LCD,Pune,17798,1330
2026-09-15,LCD,Pune,17316,806
2026-09-16,LCD,Pune,16976,1036
2026-09-17,LCD,Pune,16839,292
2026-09-18,LCD,Pune,16880,2417
2026-06-21,LCD,Nagpur,17592,2141
2026-06-22,LCD,Nagpur,17511,2018
2026-06-23,LCD,Nagpur,17361,287
2026-06-24,LCD,Nagpur,16916,457
2026-06-25,LCD,Nagpur,16528,1151
2026-06-26,LCD,Nagpur,16839,2328
2026-06-27,LCD,Nagpur,17242,1886
2026-06-28,LCD,Nagpur,17553,1536
2026-06-29,LCD,Nagpur,17546,2371
2026-06-30,LCD,Nagpur,17449,2023
2026-07-01,LCD,Nagpur,17087,740
2026-07-02,LCD,Nagpur,17141,1455
2026-07-03,LCD,Nagpur,17119,1264
2026-07-04,LCD,Nagpur,17310,1723
2026-07-05,LCD,Nagpur,17829,393
2026-07-06,LCD,Nagpur,17641,1364
2026-07-07,LCD,Nagpur,17342,881
2026-07-08,LCD,Nagpur,17065,858
2026-07-09,LCD,Nagpur,17024,1368
2026-07-10,LCD,Nagpur,17008,918
2026-07-11,LCD,Nagpur,17516,828
2026-07-12,LCD,Nagpur,17609,678
2026-07-13,LCD,Nagpur,17367,1496
2026-07-14,LCD,Nagpur,17134,2005
2026-07-15,LCD,Nagpur,16679,955
2026-07-16,LCD,Nagpur,16388,342
2026-07-17,LCD,Nagpur,16612,1608
2026-07-18,LCD,Nagpur,16757,2036
2026-07-19,LCD,Nagpur,17039,865
2026-07-20,LCD,Nagpur,17057,697
2026-07-21,LCD,Nagpur,17002,1857
2026-07-22,LCD,Nagpur,16886,795
2026-07-23,LCD,Nagpur,16964,1511
2026-07-24,LCD,Nagpur,16935,2437
2026-07-25,LCD,Nagpur,17511,1556
2026-07-26,LCD,Nagpur,17864,1410
2026-07-27,LCD,Nagpur,17850,1387
2026-07-28,LCD,Nagpur,17818,802
2026-07-29,LCD,Nagpur,17628,2010
2026-07-30,LCD,Nagpur,17390,660
2026-07-31,LCD,Nagpur,17663,364
2026-08-01,LCD,Nagpur,17813,2456
2026-08-02,LCD,Nagpur,17883,301
2026-08-03,LCD,Nagpur,17830,1102
2026-08-04,LCD,Nagpur,17523,578
2026-08-05,LCD,Nagpur,17092,999
2026-08-06,LCD,Nagpur,16986,1109
2026-08-07,LCD,Nagpur,17278,1338
2026-08-08,LCD,Nagpur,17454,542
2026-08-09,LCD,Nagpur,17748,2024
2026-08-10,LCD,Nagpur,17842,557
2026-08-11,LCD,Nagpur,17814,1815
2026-08-12,LCD,Nagpur,17306,1501
2026-08-13,LCD,Nagpur,17209,2295
2026-08-14,LCD,Nagpur,17589,1678
2026-08-15,LCD,Nagpur,17877,1951
2026-08-16,LCD,Nagpur,18086,1727
2026-08-17,LCD,Nagpur,17821,1612
2026-08-18,LCD,Nagpur,17464,2025
2026-08-19,LCD,Nagpur,17316,558
2026-08-20,LCD,Nagpur,17019,2019
2026-08-21,LCD,Nagpur,17291,1902
2026-08-22,LCD,Nagpur,17789,1382
2026-08-23,LCD,Nagpur,17885,1936
2026-08-24,LCD,Nagpur,18008,1896
2026-08-25,LCD,Nagpur,17534,552
2026-08-26,LCD,Nagpur,17009,1442
2026-08-27,LCD,Nagpur,16848,2351
2026-08-28,LCD,Nagpur,17242,470
2026-08-29,LCD,Nagpur,17807,1739
2026-08-30,LCD,Nagpur,17862,1877
2026-08-31,LCD,Nagpur,17937,1319
2026-09-01,LCD,Nagpur,17611,2476
2026-09-02,LCD,Nagpur,17248,760
2026-09-03,LCD,Nagpur,16944,1763
2026-09-04,LCD,Nagpur,16983,2209
2026-09-05,LCD,Nagpur,17076,1436
2026-09-06,LCD,Nagpur,17518,1444
2026-09-07,LCD,Nagpur,17514,2098
2026-09-08,LCD,Nagpur,17098,210
2026-09-09,LCD,Nagpur,16591,1429
2026-09-10,LCD,Nagpur,16672,2135
2026-09-11,LCD,Nagpur,16627,1378
2026-09-12,LCD,Nagpur,16909,2214
2026-09-13,LCD,Nagpur,17383,1202
2026-09-14,LCD,Nagpur,17137,1335
2026-09-15,LCD,Nagpur,16865,473
2026-09-16,LCD,Nagpur,16586,1681
2026-09-17,LCD,Nagpur,16482,1986
2026-09-18,LCD,Nagpur,16808,2149
2026-06-21,LCD,Jaipur,17985,689
2026-06-22,LCD,Jaipur,17917,271
2026-06-23,LCD,Jaipur,17819,867
2026-06-24,LCD,Jaipur,17515,798
2026-06-25,LCD,Jaipur,17269,754
2026-06-26,LCD,Jaipur,17344,416
2026-06-27,LCD,Jaipur,17562,1918
2026-06-28,LCD,Jaipur,17909,1658
2026-06-29,LCD,Jaipur,17667,1394
2026-06-30,LCD,Jaipur,17406,514
2026-07-01,LCD,Jaipur,17074,950
2026-07-02,LCD,Jaipur,17060,884
2026-07-03,LCD,Jaipur,17231,1495
2026-07-04,LCD,Jaipur,17739,1433
2026-07-05,LCD,Jaipur,17893,1684
2026-07-06,LCD,Jaipur,17676,1640
2026-07-07,LCD,Jaipur,17568,252
2026-07-08,LCD,Jaipur,17038,1352
2026-07-09,LCD,Jaipur,16826,2186
2026-07-10,LCD,Jaipur,16927,867
2026-07-11,LCD,Jaipur,17051,833
2026-07-12,LCD,Jaipur,17320,971
2026-07-13,LCD,Jaipur,17473,2488
2026-07-14,LCD,Jaipur,17258,2353
2026-07-15,LCD,Jaipur,17097,2457
2026-07-16,LCD,Jaipur,17052,666
2026-07-17,LCD,Jaipur,17157,512
2026-07-18,LCD,Jaipur,17290,737
2026-07-19,LCD,Jaipur,17784,2164
2026-07-20,LCD,Jaipur,17703,1685
2026-07-21,LCD,Jaipur,17237,2010
2026-07-22,LCD,Jaipur,17099,2342
2026-07-23,LCD,Jaipur,17085,1601
2026-07-24,LCD,Jaipur,17063,1447
2026-07-25,LCD,Jaipur,17150,685
2026-07-26,LCD,Jaipur,17273,783
2026-07-27,LCD,Jaipur,17371,1459
2026-07-28,LCD,Jaipur,16907,733
2026-07-29,LCD,Jaipur,16816,1940
2026-07-30,LCD,Jaipur,16766,657
2026-07-31,LCD,Jaipur,16697,2183
2026-08-01,LCD,Jaipur,17154,374
2026-08-02,LCD,Jaipur,17264,334
2026-08-03,LCD,Jaipur,17415,2303
2026-08-04,LCD,Jaipur,17191,2121
2026-08-05,LCD,Jaipur,16663,1236
2026-08-06,LCD,Jaipur,16292,1435
2026-08-07,LCD,Jaipur,16516,595
2026-08-08,LCD,Jaipur,16981,1041
2026-08-09,LCD,Jaipur,17292,1019
2026-08-10,LCD,Jaipur,17128,1639
2026-08-11,LCD,Jaipur,16622,796
2026-08-12,LCD,Jaipur,16467,1336
2026-08-13,LCD,Jaipur,16544,1624
2026-08-14,LCD,Jaipur,16614,2250
2026-08-15,LCD,Jaipur,17080,1190
2026-08-16,LCD,Jaipur,17350,479
2026-08-17,LCD,Jaipur,17141,257
2026-08-18,LCD,Jaipur,16888,984
2026-08-19,LCD,Jaipur,16789,903
2026-08-20,LCD,Jaipur,16844,2400
2026-08-21,LCD,Jaipur,16738,604
2026-08-22,LCD,Jaipur,17281,2265
2026-08-23,LCD,Jaipur,17736,2144
2026-08-24,LCD,Jaipur,17665,958
2026-08-25,LCD,Jaipur,17358,639
2026-08-26,LCD,Jaipur,16856,1653
2026-08-27,LCD,Jaipur,16951,1937
2026-08-28,LCD,Jaipur,16952,1132
2026-08-29,LCD,Jaipur,17234,1487
2026-08-30,LCD,Jaipur,17306,651
2026-08-31,LCD,Jaipur,17316,2230
2026-09-01,LCD,Jaipur,17180,1380
2026-09-02,LCD,Jaipur,16874,366
2026-09-03,LCD,Jaipur,16518,2222
2026-09-04,LCD,Jaipur,16469,1361
2026-09-05,LCD,Jaipur,16768,1477
2026-09-06,LCD,Jaipur,17126,2018
2026-09-07,LCD,Jaipur,16985,1868
2026-09-08,LCD,Jaipur,16615,1952
2026-09-09,LCD,Jaipur,16139,485
2026-09-10,LCD,Jaipur,16188,2148
2026-09-11,LCD,Jaipur,16544,1705
2026-09-12,LCD,Jaipur,16704,2213
2026-09-13,LCD,Jaipur,17053,1823
2026-09-14,LCD,Jaipur,17021,548
2026-09-15,LCD,Jaipur,16563,1817
2026-09-16,LCD,Jaipur,16192,616
2026-09-17,LCD,Jaipur,16168,891
2026-09-18,LCD,Jaipur,16095,1015
2026-06-21,PLASTIC_MIXED,Mumbai,12735,1855
2026-06-22,PLASTIC_MIXED,Mumbai,12591,1939
2026-06-23,PLASTIC_MIXED,Mumbai,12478,1340
2026-06-24,PLASTIC_MIXED,Mumbai,12332,1318
2026-06-25,PLASTIC_MIXED,Mumbai,12319,1839
2026-06-26,PLASTIC_MIXED,Mumbai,12372,1856
2026-06-27,PLASTIC_MIXED,Mumbai,12798,2294
2026-06-28,PLASTIC_MIXED,Mumbai,12912,2062
2026-06-29,PLASTIC_MIXED,Mumbai,12760,1226
2026-06-30,PLASTIC_MIXED,Mumbai,12556,1145
2026-07-01,PLASTIC_MIXED,Mumbai,12359,751
2026-07-02,PLASTIC_MIXED,Mumbai,12079,416
2026-07-03,PLASTIC_MIXED,Mumbai,12304,2240
2026-07-04,PLASTIC_MIXED,Mumbai,12611,933
2026-07-05,PLASTIC_MIXED,Mumbai,12763,1539
2026-07-06,PLASTIC_MIXED,Mumbai,12630,594
2026-07-07,PLASTIC_MIXED,Mumbai,12530,2329
2026-07-08,PLASTIC_MIXED,Mumbai,12384,2108
2026-07-09,PLASTIC_MIXED,Mumbai,12167,2239
2026-07-10,PLASTIC_MIXED,Mumbai,12269,1271
2026-07-11,PLASTIC_MIXED,Mumbai,12524,2414
2026-07-12,PLASTIC_MIXED,Mumbai,12738,329
2026-07-13,PLASTIC_MIXED,Mumbai,12925,687
2026-07-14,PLASTIC_MIXED,Mumbai,12679,1488
2026-07-15,PLASTIC_MIXED,Mumbai,12563,2012
2026-07-16,PLASTIC_MIXED,Mumbai,12439,334
2026-07-17,PLASTIC_MIXED,Mumbai,12425,1441
2026-07-18,PLASTIC_MIXED,Mumbai,12814,872
2026-07-19,PLASTIC_MIXED,Mumbai,13011,750
2026-07-20,PLASTIC_MIXED,Mumbai,12938,1793
2026-07-21,PLASTIC_MIXED,Mumbai,12730,648
2026-07-22,PLASTIC_MIXED,Mumbai,12508,2209
2026-07-23,PLASTIC_MIXED,Mumbai,12459,2409
2026-07-24,PLASTIC_MIXED,Mumbai,12594,2149
2026-07-25,PLASTIC_MIXED,Mumbai,12864,840
2026-07-26,PLASTIC_MIXED,Mumbai,13068,1803
2026-07-27,PLASTIC_MIXED,Mumbai,12975,1747
2026-07-28,PLASTIC_MIXED,Mumbai,12817,1644
2026-07-29,PLASTIC_MIXED,Mumbai,12667,1365
2026-07-30,PLASTIC_MIXED,Mumbai,12490,315
2026-07-31,PLASTIC_MIXED,Mumbai,12632,725
2026-08-01,PLASTIC_MIXED,Mumbai,13009,1628
2026-08-02,PLASTIC_MIXED,Mumbai,13335,310
2026-08-03,PLASTIC_MIXED,Mumbai,13441,1597
2026-08-04,PLASTIC_MIXED,Mumbai,13184,1953
2026-08-05,PLASTIC_MIXED,Mumbai,12866,1663
2026-08-06,PLASTIC_MIXED,Mumbai,12721,431
2026-08-07,PLASTIC_MIXED,Mumbai,12894,1214
2026-08-08,PLASTIC_MIXED,Mumbai,13040,1478
2026-08-09,PLASTIC_MIXED,Mumbai,13281,468
2026-08-10,PLASTIC_MIXED,Mumbai,13428,668
2026-08-11,PLASTIC_MIXED,Mumbai,13154,280
2026-08-12,PLASTIC_MIXED,Mumbai,12912,353
2026-08-13,PLASTIC_MIXED,Mumbai,12785,1930
2026-08-14,PLASTIC_MIXED,Mumbai,12922,1925
2026-08-15,PLASTIC_MIXED,Mumbai,13082,2123
2026-08-16,PLASTIC_MIXED,Mumbai,13322,1496
2026-08-17,PLASTIC_MIXED,Mumbai,13273,1798
2026-08-18,PLASTIC_MIXED,Mumbai,12996,600
2026-08-19,PLASTIC_MIXED,Mumbai,12860,609
2026-08-20,PLASTIC_MIXED,Mumbai,12821,1043
2026-08-21,PLASTIC_MIXED,Mumbai,12869,2259
2026-08-22,PLASTIC_MIXED,Mumbai,13243,1590
2026-08-23,PLASTIC_MIXED,Mumbai,13315,1426
2026-08-24,PLASTIC_MIXED,Mumbai,13261,1985
2026-08-25,PLASTIC_MIXED,Mumbai,12936,508
2026-08-26,PLASTIC_MIXED,Mumbai,12814,2394
2026-08-27,PLASTIC_MIXED,Mumbai,12594,1286
2026-08-28,PLASTIC_MIXED,Mumbai,12530,1846
2026-08-29,PLASTIC_MIXED,Mumbai,12891,576
2026-08-30,PLASTIC_MIXED,Mumbai,13179,588
2026-08-31,PLASTIC_MIXED,Mumbai,13215,1319
2026-09-01,PLASTIC_MIXED,Mumbai,12839,2375
2026-09-02,PLASTIC_MIXED,Mumbai,12580,1059
2026-09-03,PLASTIC_MIXED,Mumbai,12413,514
2026-09-04,PLASTIC_MIXED,Mumbai,12578,1436
2026-09-05,PLASTIC_MIXED,Mumbai,12825,1428
2026-09-06,PLASTIC_MIXED,Mumbai,12999,2411
2026-09-07,PLASTIC_MIXED,Mumbai,12927,1897
2026-09-08,PLASTIC_MIXED,Mumbai,12687,2310
2026-09-09,PLASTIC_MIXED,Mumbai,12422,2442
2026-09-10,PLASTIC_MIXED,Mumbai,12197,276
2026-09-11,PLASTIC_MIXED,Mumbai,12350,2314
2026-09-12,PLASTIC_MIXED,Mumbai,12727,2244
2026-09-13,PLASTIC_MIXED,Mumbai,12815,2114
2026-09-14,PLASTIC_MIXED,Mumbai,12726,2382
2026-09-15,PLASTIC_MIXED,Mumbai,12643,1976
2026-09-16,PLASTIC_MIXED,Mumbai,12558,445
2026-09-17,PLASTIC_MIXED,Mumbai,12457,1692
2026-09-18,PLASTIC_MIXED,Mumbai,12551,1184
2026-06-21,PLASTIC_MIXED,Delhi,12301,1429
2026-06-22,PLASTIC_MIXED,Delhi,12428,1880
2026-06-23,PLASTIC_MIXED,Delhi,12167,463
2026-06-24,PLASTIC_MIXED,Delhi,11978,1889
2026-06-25,PLASTIC_MIXED,Delhi,11791,1375
2026-06-26,PLASTIC_MIXED,Delhi,11945,1250
2026-06-27,PLASTIC_MIXED,Delhi,12246,1167
2026-06-28,PLASTIC_MIXED,Delhi,12403,665
2026-06-29,PLASTIC_MIXED,Delhi,12273,313
2026-06-30,PLASTIC_MIXED,Delhi,11988,1471
2026-07-01,PLASTIC_MIXED,Delhi,11742,2493
2026-07-02,PLASTIC_MIXED,Delhi,11812,1928
2026-07-03,PLASTIC_MIXED,Delhi,11967,351
2026-07-04,PLASTIC_MIXED,Delhi,12091,1317
2026-07-05,PLASTIC_MIXED,Delhi,12146,1258
2026-07-06,PLASTIC_MIXED,Delhi,12252,1337
2026-07-07,PLASTIC_MIXED,Delhi,12118,920
2026-07-08,PLASTIC_MIXED,Delhi,11933,372
2026-07-09,PLASTIC_MIXED,Delhi,11994,2190
2026-07-10,PLASTIC_MIXED,Delhi,12200,426
2026-07-11,PLASTIC_MIXED,Delhi,12572,543
2026-07-12,PLASTIC_MIXED,Delhi,12698,1420
2026-07-13,PLASTIC_MIXED,Delhi,12837,1867
2026-07-14,PLASTIC_MIXED,Delhi,12787,569
2026-07-15,PLASTIC_MIXED,Delhi,12499,775
2026-07-16,PLASTIC_MIXED,Delhi,12292,2249
2026-07-17,PLASTIC_MIXED,Delhi,12560,2337
2026-07-18,PLASTIC_MIXED,Delhi,12868,2351
2026-07-19,PLASTIC_MIXED,Delhi,12972,569
2026-07-20,PLASTIC_MIXED,Delhi,12870,700
2026-07-21,PLASTIC_MIXED,Delhi,12773,1483
2026-07-22,PLASTIC_MIXED,Delhi,12460,1797
2026-07-23,PLASTIC_MIXED,Delhi,12465,1166
2026-07-24,PLASTIC_MIXED,Delhi,12737,1092
2026-07-25,PLASTIC_MIXED,Delhi,12847,917
2026-07-26,PLASTIC_MIXED,Delhi,12936,1324
2026-07-27,PLASTIC_MIXED,Delhi,12912,1241
2026-07-28,PLASTIC_MIXED,Delhi,12849,429
2026-07-29,PLASTIC_MIXED,Delhi,12595,1734
2026-07-30,PLASTIC_MIXED,Delhi,12560,662
2026-07-31,PLASTIC_MIXED,Delhi,12599,1935
2026-08-01,PLASTIC_MIXED,Delhi,12835,1209
2026-08-02,PLASTIC_MIXED,Delhi,13217,793
2026-08-03,PLASTIC_MIXED,Delhi,13163,1706
2026-08-04,PLASTIC_MIXED,Delhi,13082,286
2026-08-05,PLASTIC_MIXED,Delhi,12883,342
2026-08-06,PLASTIC_MIXED,Delhi,12902,423
2026-08-07,PLASTIC_MIXED,Delhi,13088,1181
2026-08-08,PLASTIC_MIXED,Delhi,13245,1775
2026-08-09,PLASTIC_MIXED,Delhi,13375,1686
2026-08-10,PLASTIC_MIXED,Delhi,13537,699
2026-08-11,PLASTIC_MIXED,Delhi,13339,1168
2026-08-12,PLASTIC_MIXED,Delhi,13219,1791
2026-08-13,PLASTIC_MIXED,Delhi,12911,1809
2026-08-14,PLASTIC_MIXED,Delhi,13190,1246
2026-08-15,PLASTIC_MIXED,Delhi,13367,1164
2026-08-16,PLASTIC_MIXED,Delhi,13493,856
2026-08-17,PLASTIC_MIXED,Delhi,13662,1499
2026-08-18,PLASTIC_MIXED,Delhi,13601,1864
2026-08-19,PLASTIC_MIXED,Delhi,13452,1322
2026-08-20,PLASTIC_MIXED,Delhi,13482,2213
2026-08-21,PLASTIC_MIXED,Delhi,13587,1891
2026-08-22,PLASTIC_MIXED,Delhi,14029,1562
2026-08-23,PLASTIC_MIXED,Delhi,14341,611
2026-08-24,PLASTIC_MIXED,Delhi,14481,1268
2026-08-25,PLASTIC_MIXED,Delhi,14257,1641
2026-08-26,PLASTIC_MIXED,Delhi,13946,2443
2026-08-27,PLASTIC_MIXED,Delhi,13924,2056
2026-08-28,PLASTIC_MIXED,Delhi,14127,413
2026-08-29,PLASTIC_MIXED,Delhi,14463,952
2026-08-30,PLASTIC_MIXED,Delhi,14747,757
2026-08-31,PLASTIC_MIXED,Delhi,14527,1019
2026-09-01,PLASTIC_MIXED,Delhi,14355,1485
2026-09-02,PLASTIC_MIXED,Delhi,14107,653
2026-09-03,PLASTIC_MIXED,Delhi,13841,2315
2026-09-04,PLASTIC_MIXED,Delhi,14050,732
2026-09-05,PLASTIC_MIXED,Delhi,14473,1880
2026-09-06,PLASTIC_MIXED,Delhi,14829,1508
2026-09-07,PLASTIC_MIXED,Delhi,14807,746
2026-09-08,PLASTIC_MIXED,Delhi,14471,1541
2026-09-09,PLASTIC_MIXED,Delhi,14316,1013
2026-09-10,PLASTIC_MIXED,Delhi,14015,1705
2026-09-11,PLASTIC_MIXED,Delhi,14002,1745
2026-09-12,PLASTIC_MIXED,Delhi,14465,1119
2026-09-13,PLASTIC_MIXED,Delhi,14480,294
2026-09-14,PLASTIC_MIXED,Delhi,14664,1136
2026-09-15,PLASTIC_MIXED,Delhi,14611,2094
2026-09-16,PLASTIC_MIXED,Delhi,14197,891
2026-09-17,PLASTIC_MIXED,Delhi,13883,1956
2026-09-18,PLASTIC_MIXED,Delhi,14046,811
2026-06-21,PLASTIC_MIXED,Bengaluru,11797,1707
2026-06-22,PLASTIC_MIXED,Bengaluru,11680,680
2026-06-23,PLASTIC_MIXED,Bengaluru,11330,2353
2026-06-24,PLASTIC_MIXED,Bengaluru,11087,2058
2026-06-25,PLASTIC_MIXED,Bengaluru,11099,2224
2026-06-26,PLASTIC_MIXED,Bengaluru,11067,1032
2026-06-27,PLASTIC_MIXED,Bengaluru,11178,1290
2026-06-28,PLASTIC_MIXED,Bengaluru,11281,2224
2026-06-29,PLASTIC_MIXED,Bengaluru,11241,1966
2026-06-30,PLASTIC_MIXED,Bengaluru,11183,1082
2026-07-01,PLASTIC_MIXED,Bengaluru,11128,1359
2026-07-02,PLASTIC_MIXED,Bengaluru,11107,975
2026-07-03,PLASTIC_MIXED,Bengaluru,11175,1873
2026-07-04,PLASTIC_MIXED,Bengaluru,11493,317
2026-07-05,PLASTIC_MIXED,Bengaluru,11600,1272
2026-07-06,PLASTIC_MIXED,Bengaluru,11508,2047
2026-07-07,PLASTIC_MIXED,Bengaluru,11466,1714
2026-07-08,PLASTIC_MIXED,Bengaluru,11270,2076
2026-07-09,PLASTIC_MIXED,Bengaluru,11034,2120
2026-07-10,PLASTIC_MIXED,Bengaluru,11007,1524
2026-07-11,PLASTIC_MIXED,Bengaluru,11381,1828
2026-07-12,PLASTIC_MIXED,Bengaluru,11624,1770
2026-07-13,PLASTIC_MIXED,Bengaluru,11697,1249
2026-07-14,PLASTIC_MIXED,Bengaluru,11366,2481
2026-07-15,PLASTIC_MIXED,Bengaluru,10997,1563
2026-07-16,PLASTIC_MIXED,Bengaluru,11043,2128
2026-07-17,PLASTIC_MIXED,Bengaluru,11275,386
2026-07-18,PLASTIC_MIXED,Bengaluru,11324,2266
2026-07-19,PLASTIC_MIXED,Bengaluru,11543,1439
2026-07-20,PLASTIC_MIXED,Bengaluru,11708,1719
2026-07-21,PLASTIC_MIXED,Bengaluru,11398,2491
2026-07-22,PLASTIC_MIXED,Bengaluru,11022,934
2026-07-23,PLASTIC_MIXED,Bengaluru,10848,2263
2026-07-24,PLASTIC_MIXED,Bengaluru,10939,1589
2026-07-25,PLASTIC_MIXED,Bengaluru,11279,740
2026-07-26,PLASTIC_MIXED,Bengaluru,11314,2372
2026-07-27,PLASTIC_MIXED,Bengaluru,11292,1266
2026-07-28,PLASTIC_MIXED,Bengaluru,10987,380
2026-07-29,PLASTIC_MIXED,Bengaluru,10928,2244
2026-07-30,PLASTIC_MIXED,Bengaluru,10954,1350
2026-07-31,PLASTIC_MIXED,Bengaluru,11131,1961
2026-08-01,PLASTIC_MIXED,Bengaluru,11274,1278
2026-08-02,PLASTIC_MIXED,Bengaluru,11489,1280
2026-08-03,PLASTIC_MIXED,Bengaluru,11495,1984
2026-08-04,PLASTIC_MIXED,Bengaluru,11449,1492
2026-08-05,PLASTIC_MIXED,Bengaluru,11305,2212
2026-08-06,PLASTIC_MIXED,Bengaluru,11296,819
2026-08-07,PLASTIC_MIXED,Bengaluru,11413,2002
2026-08-08,PLASTIC_MIXED,Bengaluru,11479,808
2026-08-09,PLASTIC_MIXED,Bengaluru,11503,950
2026-08-10,PLASTIC_MIXED,Bengaluru,11343,1265
2026-08-11,PLASTIC_MIXED,Bengaluru,11053,2113
2026-08-12,PLASTIC_MIXED,Bengaluru,10817,2227
2026-08-13,PLASTIC_MIXED,Bengaluru,10575,1660
2026-08-14,PLASTIC_MIXED,Bengaluru,10823,2497
2026-08-15,PLASTIC_MIXED,Bengaluru,11029,2219
2026-08-16,PLASTIC_MIXED,Bengaluru,11072,806
2026-08-17,PLASTIC_MIXED,Bengaluru,10947,583
2026-08-18,PLASTIC_MIXED,Bengaluru,10680,1363
2026-08-19,PLASTIC_MIXED,Bengaluru,10371,889
2026-08-20,PLASTIC_MIXED,Bengaluru,10358,1317
2026-08-21,PLASTIC_MIXED,Bengaluru,10468,1069
2026-08-22,PLASTIC_MIXED,Bengaluru,10699,216
2026-08-23,PLASTIC_MIXED,Bengaluru,10874,939
2026-08-24,PLASTIC_MIXED,Bengaluru,10847,514
2026-08-25,PLASTIC_MIXED,Bengaluru,10596,2240
2026-08-26,PLASTIC_MIXED,Bengaluru,10445,1546
2026-08-27,PLASTIC_MIXED,Bengaluru,10207,699
2026-08-28,PLASTIC_MIXED,Bengaluru,10263,634
2026-08-29,PLASTIC_MIXED,Bengaluru,10569,829
2026-08-30,PLASTIC_MIXED,Bengaluru,10582,2085
2026-08-31,PLASTIC_MIXED,Bengaluru,10687,2165
2026-09-01,PLASTIC_MIXED,Bengaluru,10506,1303
2026-09-02,PLASTIC_MIXED,Bengaluru,10330,223
2026-09-03,PLASTIC_MIXED,Bengaluru,10188,379
2026-09-04,PLASTIC_MIXED,Bengaluru,10324,2055
2026-09-05,PLASTIC_MIXED,Bengaluru,10470,729
2026-09-06,PLASTIC_MIXED,Bengaluru,10542,399
2026-09-07,PLASTIC_MIXED,Bengaluru,10637,1358
2026-09-08,PLASTIC_MIXED,Bengaluru,10416,427
2026-09-09,PLASTIC_MIXED,Bengaluru,10287,2441
2026-09-10,PLASTIC_MIXED,Bengaluru,10336,1762
2026-09-11,PLASTIC_MIXED,Bengaluru,10298,1245
2026-09-12,PLASTIC_MIXED,Bengaluru,10398,1833
2026-09-13,PLASTIC_MIXED,Bengaluru,10430,1052
2026-09-14,PLASTIC_MIXED,Bengaluru,10325,1848
2026-09-15,PLASTIC_MIXED,Bengaluru,10098,831
2026-09-16,PLASTIC_MIXED,Bengaluru,9788,2210
2026-09-17,PLASTIC_MIXED,Bengaluru,9791,1470
2026-09-18,PLASTIC_MIXED,Bengaluru,9995,737
2026-06-21,PLASTIC_MIXED,Pune,12136,593
2026-06-22,PLASTIC_MIXED,Pune,12257,2299
2026-06-23,PLASTIC_MIXED,Pune,11957,2024
2026-06-24,PLASTIC_MIXED,Pune,11859,2151
2026-06-25,PLASTIC_MIXED,Pune,11675,1932
2026-06-26,PLASTIC_MIXED,Pune,11631,1930
2026-06-27,PLASTIC_MIXED,Pune,11969,963
2026-06-28,PLASTIC_MIXED,Pune,12132,1944
2026-06-29,PLASTIC_MIXED,Pune,11983,2302
2026-06-30,PLASTIC_MIXED,Pune,11740,2098
2026-07-01,PLASTIC_MIXED,Pune,11572,835
2026-07-02,PLASTIC_MIXED,Pune,11620,2359
2026-07-03,PLASTIC_MIXED,Pune,11766,2349
2026-07-04,PLASTIC_MIXED,Pune,11846,2117
2026-07-05,PLASTIC_MIXED,Pune,12009,2156
2026-07-06,PLASTIC_MIXED,Pune,11937,723
2026-07-07,PLASTIC_MIXED,Pune,11815,1430
2026-07-08,PLASTIC_MIXED,Pune,11703,2342
2026-07-09,PLASTIC_MIXED,Pune,11577,395
2026-07-10,PLASTIC_MIXED,Pune,11695,384
2026-07-11,PLASTIC_MIXED,Pune,11928,2291
2026-07-12,PLASTIC_MIXED,Pune,12087,587
2026-07-13,PLASTIC_MIXED,Pune,12074,1237
2026-07-14,PLASTIC_MIXED,Pune,11834,534
2026-07-15,PLASTIC_MIXED,Pune,11697,266
2026-07-16,PLASTIC_MIXED,Pune,11461,2095
2026-07-17,PLASTIC_MIXED,Pune,11449,946
2026-07-18,PLASTIC_MIXED,Pune,11792,385
2026-07-19,PLASTIC_MIXED,Pune,11827,1419
2026-07-20,PLASTIC_MIXED,Pune,11761,2063
2026-07-21,PLASTIC_MIXED,Pune,11667,2042
2026-07-22,PLASTIC_MIXED,Pune,11482,1285
2026-07-23,PLASTIC_MIXED,Pune,11328,966
2026-07-24,PLASTIC_MIXED,Pune,11327,520
2026-07-25,PLASTIC_MIXED,Pune,11634,1262
2026-07-26,PLASTIC_MIXED,Pune,11947,635
2026-07-27,PLASTIC_MIXED,Pune,11923,273
2026-07-28,PLASTIC_MIXED,Pune,11563,677
2026-07-29,PLASTIC_MIXED,Pune,11172,2154
2026-07-30,PLASTIC_MIXED,Pune,11062,1859
2026-07-31,PLASTIC_MIXED,Pune,11281,2193
2026-08-01,PLASTIC_MIXED,Pune,11433,1677
2026-08-02,PLASTIC_MIXED,Pune,11678,1817
2026-08-03,PLASTIC_MIXED,Pune,11785,558
2026-08-04,PLASTIC_MIXED,Pune,11470,256
2026-08-05,PLASTIC_MIXED,Pune,11142,265
2026-08-06,PLASTIC_MIXED,Pune,11111,970
2026-08-07,PLASTIC_MIXED,Pune,11328,1057
2026-08-08,PLASTIC_MIXED,Pune,11542,794
2026-08-09,PLASTIC_MIXED,Pune,11775,1984
2026-08-10,PLASTIC_MIXED,Pune,11896,2406
2026-08-11,PLASTIC_MIXED,Pune,11601,1432
2026-08-12,PLASTIC_MIXED,Pune,11467,806
2026-08-13,PLASTIC_MIXED,Pune,11359,289
2026-08-14,PLASTIC_MIXED,Pune,11326,824
2026-08-15,PLASTIC_MIXED,Pune,11629,2023
2026-08-16,PLASTIC_MIXED,Pune,11975,2131
2026-08-17,PLASTIC_MIXED,Pune,11803,2041
2026-08-18,PLASTIC_MIXED,Pune,11648,1024
2026-08-19,PLASTIC_MIXED,Pune,11351,1804
2026-08-20,PLASTIC_MIXED,Pune,11100,232
2026-08-21,PLASTIC_MIXED,Pune,11063,1968
2026-08-22,PLASTIC_MIXED,Pune,11441,2230
2026-08-23,PLASTIC_MIXED,Pune,11703,2470
2026-08-24,PLASTIC_MIXED,Pune,11878,351
2026-08-25,PLASTIC_MIXED,Pune,11688,2191
2026-08-26,PLASTIC_MIXED,Pune,11465,2198
2026-08-27,PLASTIC_MIXED,Pune,11274,448
2026-08-28,PLASTIC_MIXED,Pune,11381,1928
2026-08-29,PLASTIC_MIXED,Pune,11630,2466
2026-08-30,PLASTIC_MIXED,Pune,11657,1908
2026-08-31,PLASTIC_MIXED,Pune,11793,678
2026-09-01,PLASTIC_MIXED,Pune,11607,1620
2026-09-02,PLASTIC_MIXED,Pune,11363,1986
2026-09-03,PLASTIC_MIXED,Pune,11102,1379
2026-09-04,PLASTIC_MIXED,Pune,11275,2122
2026-09-05,PLASTIC_MIXED,Pune,11441,1150
2026-09-06,PLASTIC_MIXED,Pune,11622,1589
2026-09-07,PLASTIC_MIXED,Pune,11769,2118
2026-09-08,PLASTIC_MIXED,Pune,11457,1401
2026-09-09,PLASTIC_MIXED,Pune,11309,1798
2026-09-10,PLASTIC_MIXED,Pune,11365,1675
2026-09-11,PLASTIC_MIXED,Pune,11566,863
2026-09-12,PLASTIC_MIXED,Pune,11834,1356
2026-09-13,PLASTIC_MIXED,Pune,12088,553
2026-09-14,PLASTIC_MIXED,Pune,12149,728
2026-09-15,PLASTIC_MIXED,Pune,11842,840
2026-09-16,PLASTIC_MIXED,Pune,11647,613
2026-09-17,PLASTIC_MIXED,Pune,11648,2222
2026-09-18,PLASTIC_MIXED,Pune,11680,1057
2026-06-21,PLASTIC_MIXED,Nagpur,11598,274
2026-06-22,PLASTIC_MIXED,Nagpur,11549,1268
2026-06-23,PLASTIC_MIXED,Nagpur,11320,849
2026-06-24,PLASTIC_MIXED,Nagpur,10991,2262
2026-06-25,PLASTIC_MIXED,Nagpur,10742,460
2026-06-26,PLASTIC_MIXED,Nagpur,10783,666
2026-06-27,PLASTIC_MIXED,Nagpur,11032,694
2026-06-28,PLASTIC_MIXED,Nagpur,11225,2192
2026-06-29,PLASTIC_MIXED,Nagpur,11143,1593
2026-06-30,PLASTIC_MIXED,Nagpur,11063,391
2026-07-01,PLASTIC_MIXED,Nagpur,10935,2481
2026-07-02,PLASTIC_MIXED,Nagpur,10765,819
2026-07-03,PLASTIC_MIXED,Nagpur,10973,2311
2026-07-04,PLASTIC_MIXED,Nagpur,11222,626
2026-07-05,PLASTIC_MIXED,Nagpur,11468,1993
2026-07-06,PLASTIC_MIXED,Nagpur,11571,654
2026-07-07,PLASTIC_MIXED,Nagpur,11552,617
2026-07-08,PLASTIC_MIXED,Nagpur,11437,371
2026-07-09,PLASTIC_MIXED,Nagpur,11340,884
2026-07-10,PLASTIC_MIXED,Nagpur,11483,1041
2026-07-11,PLASTIC_MIXED,Nagpur,11851,843
2026-07-12,PLASTIC_MIXED,Nagpur,12119,2008
2026-07-13,PLASTIC_MIXED,Nagpur,12214,2241
2026-07-14,PLASTIC_MIXED,Nagpur,12107,606
2026-07-15,PLASTIC_MIXED,Nagpur,11748,1689
2026-07-16,PLASTIC_MIXED,Nagpur,11588,764
2026-07-17,PLASTIC_MIXED,Nagpur,11557,1026
2026-07-18,PLASTIC_MIXED,Nagpur,11761,1902
2026-07-19,PLASTIC_MIXED,Nagpur,12041,226
2026-07-20,PLASTIC_MIXED,Nagpur,11949,2140
2026-07-21,PLASTIC_MIXED,Nagpur,11706,2268
2026-07-22,PLASTIC_MIXED,Nagpur,11365,1289
2026-07-23,PLASTIC_MIXED,Nagpur,11223,1899
2026-07-24,PLASTIC_MIXED,Nagpur,11273,1205
2026-07-25,PLASTIC_MIXED,Nagpur,11373,2369
2026-07-26,PLASTIC_MIXED,Nagpur,11523,1134
2026-07-27,PLASTIC_MIXED,Nagpur,11398,1956
2026-07-28,PLASTIC_MIXED,Nagpur,11191,1876
2026-07-29,PLASTIC_MIXED,Nagpur,11104,2314
2026-07-30,PLASTIC_MIXED,Nagpur,11105,1681
2026-07-31,PLASTIC_MIXED,Nagpur,11350,2012
2026-08-01,PLASTIC_MIXED,Nagpur,11448,240
2026-08-02,PLASTIC_MIXED,Nagpur,11703,2319
2026-08-03,PLASTIC_MIXED,Nagpur,11859,547
2026-08-04,PLASTIC_MIXED,Nagpur,11617,1845
2026-08-05,PLASTIC_MIXED,Nagpur,11555,873
2026-08-06,PLASTIC_MIXED,Nagpur,11432,1810
2026-08-07,PLASTIC_MIXED,Nagpur,11621,818
2026-08-08,PLASTIC_MIXED,Nagpur,11991,436
2026-08-09,PLASTIC_MIXED,Nagpur,12353,2329
2026-08-10,PLASTIC_MIXED,Nagpur,12528,1917
2026-08-11,PLASTIC_MIXED,Nagpur,12296,2467
2026-08-12,PLASTIC_MIXED,Nagpur,12191,1484
2026-08-13,PLASTIC_MIXED,Nagpur,12234,232
2026-08-14,PLASTIC_MIXED,Nagpur,12461,2361
2026-08-15,PLASTIC_MIXED,Nagpur,12746,801
2026-08-16,PLASTIC_MIXED,Nagpur,13023,2027
2026-08-17,PLASTIC_MIXED,Nagpur,13079,2429
2026-08-18,PLASTIC_MIXED,Nagpur,12923,2011
2026-08-19,PLASTIC_MIXED,Nagpur,12746,1856
2026-08-20,PLASTIC_MIXED,Nagpur,12740,1435
2026-08-21,PLASTIC_MIXED,Nagpur,12690,2401
2026-08-22,PLASTIC_MIXED,Nagpur,12873,716
2026-08-23,PLASTIC_MIXED,Nagpur,13083,2415
2026-08-24,PLASTIC_MIXED,Nagpur,12998,580
2026-08-25,PLASTIC_MIXED,Nagpur,12799,1478
2026-08-26,PLASTIC_MIXED,Nagpur,12557,855
2026-08-27,PLASTIC_MIXED,Nagpur,12271,2411
2026-08-28,PLASTIC_MIXED,Nagpur,12411,1188
2026-08-29,PLASTIC_MIXED,Nagpur,12779,1444
2026-08-30,PLASTIC_MIXED,Nagpur,13067,2269
2026-08-31,PLASTIC_MIXED,Nagpur,12915,445
2026-09-01,PLASTIC_MIXED,Nagpur,12843,1263
2026-09-02,PLASTIC_MIXED,Nagpur,12641,1651
2026-09-03,PLASTIC_MIXED,Nagpur,12390,710
2026-09-04,PLASTIC_MIXED,Nagpur,12478,221
2026-09-05,PLASTIC_MIXED,Nagpur,12703,1167
2026-09-06,PLASTIC_MIXED,Nagpur,13020,2384
2026-09-07,PLASTIC_MIXED,Nagpur,13155,1157
2026-09-08,PLASTIC_MIXED,Nagpur,12891,1365
2026-09-09,PLASTIC_MIXED,Nagpur,12703,773
2026-09-10,PLASTIC_MIXED,Nagpur,12674,2328
2026-09-11,PLASTIC_MIXED,Nagpur,12875,631
2026-09-12,PLASTIC_MIXED,Nagpur,13058,988
2026-09-13,PLASTIC_MIXED,Nagpur,13390,1679
2026-09-14,PLASTIC_MIXED,Nagpur,13372,800
2026-09-15,PLASTIC_MIXED,Nagpur,13247,1887
2026-09-16,PLASTIC_MIXED,Nagpur,12825,454
2026-09-17,PLASTIC_MIXED,Nagpur,12685,732
2026-09-18,PLASTIC_MIXED,Nagpur,12786,2027
2026-06-21,PLASTIC_MIXED,Jaipur,11672,2355
2026-06-22,PLASTIC_MIXED,Jaipur,11638,2489
2026-06-23,PLASTIC_MIXED,Jaipur,11463,1817
2026-06-24,PLASTIC_MIXED,Jaipur,11365,2243
2026-06-25,PLASTIC_MIXED,Jaipur,11312,2002
2026-06-26,PLASTIC_MIXED,Jaipur,11475,2205
2026-06-27,PLASTIC_MIXED,Jaipur,11780,1907
2026-06-28,PLASTIC_MIXED,Jaipur,12081,791
2026-06-29,PLASTIC_MIXED,Jaipur,12083,2185
2026-06-30,PLASTIC_MIXED,Jaipur,11969,729
2026-07-01,PLASTIC_MIXED,Jaipur,11901,2302
2026-07-02,PLASTIC_MIXED,Jaipur,11926,683
2026-07-03,PLASTIC_MIXED,Jaipur,12100,2065
2026-07-04,PLASTIC_MIXED,Jaipur,12326,842
2026-07-05,PLASTIC_MIXED,Jaipur,12685,1712
2026-07-06,PLASTIC_MIXED,Jaipur,12846,686
2026-07-07,PLASTIC_MIXED,Jaipur,12683,1873
2026-07-08,PLASTIC_MIXED,Jaipur,12291,1713
2026-07-09,PLASTIC_MIXED,Jaipur,12210,364
2026-07-10,PLASTIC_MIXED,Jaipur,12325,682
2026-07-11,PLASTIC_MIXED,Jaipur,12516,1733
2026-07-12,PLASTIC_MIXED,Jaipur,12637,2190
2026-07-13,PLASTIC_MIXED,Jaipur,12458,785
2026-07-14,PLASTIC_MIXED,Jaipur,12132,1927
2026-07-15,PLASTIC_MIXED,Jaipur,11734,1449
2026-07-16,PLASTIC_MIXED,Jaipur,11768,1083
2026-07-17,PLASTIC_MIXED,Jaipur,11757,2202
2026-07-18,PLASTIC_MIXED,Jaipur,11807,2442
2026-07-19,PLASTIC_MIXED,Jaipur,11938,383
2026-07-20,PLASTIC_MIXED,Jaipur,11908,1468
2026-07-21,PLASTIC_MIXED,Jaipur,11745,1583
2026-07-22,PLASTIC_MIXED,Jaipur,11613,2146
2026-07-23,PLASTIC_MIXED,Jaipur,11628,743
2026-07-24,PLASTIC_MIXED,Jaipur,11821,2267
2026-07-25,PLASTIC_MIXED,Jaipur,12101,2042
2026-07-26,PLASTIC_MIXED,Jaipur,12352,810
2026-07-27,PLASTIC_MIXED,Jaipur,12487,1532
2026-07-28,PLASTIC_MIXED,Jaipur,12141,1877
2026-07-29,PLASTIC_MIXED,Jaipur,11864,1819
2026-07-30,PLASTIC_MIXED,Jaipur,11704,387
2026-07-31,PLASTIC_MIXED,Jaipur,11968,2014
2026-08-01,PLASTIC_MIXED,Jaipur,12288,562
2026-08-02,PLASTIC_MIXED,Jaipur,12617,301
2026-08-03,PLASTIC_MIXED,Jaipur,12644,1465
2026-08-04,PLASTIC_MIXED,Jaipur,12469,707
2026-08-05,PLASTIC_MIXED,Jaipur,12279,548
2026-08-06,PLASTIC_MIXED,Jaipur,12060,2419
2026-08-07,PLASTIC_MIXED,Jaipur,12192,416
2026-08-08,PLASTIC_MIXED,Jaipur,12601,2337
2026-08-09,PLASTIC_MIXED,Jaipur,12679,2149
2026-08-10,PLASTIC_MIXED,Jaipur,12680,276
2026-08-11,PLASTIC_MIXED,Jaipur,12339,2378
2026-08-12,PLASTIC_MIXED,Jaipur,11982,277
2026-08-13,PLASTIC_MIXED,Jaipur,11798,1042
2026-08-14,PLASTIC_MIXED,Jaipur,11810,2019
2026-08-15,PLASTIC_MIXED,Jaipur,11890,2385
2026-08-16,PLASTIC_MIXED,Jaipur,12114,1845
2026-08-17,PLASTIC_MIXED,Jaipur,12147,2213
2026-08-18,PLASTIC_MIXED,Jaipur,12087,295
2026-08-19,PLASTIC_MIXED,Jaipur,11794,939
2026-08-20,PLASTIC_MIXED,Jaipur,11662,2362
2026-08-21,PLASTIC_MIXED,Jaipur,11699,1253
2026-08-22,PLASTIC_MIXED,Jaipur,11780,606
2026-08-23,PLASTIC_MIXED,Jaipur,11980,1368
2026-08-24,PLASTIC_MIXED,Jaipur,11852,1246
2026-08-25,PLASTIC_MIXED,Jaipur,11760,831
2026-08-26,PLASTIC_MIXED,Jaipur,11464,1868
2026-08-27,PLASTIC_MIXED,Jaipur,11426,441
2026-08-28,PLASTIC_MIXED,Jaipur,11564,1532
2026-08-29,PLASTIC_MIXED,Jaipur,11677,439
2026-08-30,PLASTIC_MIXED,Jaipur,11788,604
2026-08-31,PLASTIC_MIXED,Jaipur,11724,1890
2026-09-01,PLASTIC_MIXED,Jaipur,11677,1256
2026-09-02,PLASTIC_MIXED,Jaipur,11406,695
2026-09-03,PLASTIC_MIXED,Jaipur,11155,1181
2026-09-04,PLASTIC_MIXED,Jaipur,11337,1168
2026-09-05,PLASTIC_MIXED,Jaipur,11556,2266
2026-09-06,PLASTIC_MIXED,Jaipur,11696,671
2026-09-07,PLASTIC_MIXED,Jaipur,11615,1503
2026-09-08,PLASTIC_MIXED,Jaipur,11422,1867
2026-09-09,PLASTIC_MIXED,Jaipur,11053,318
2026-09-10,PLASTIC_MIXED,Jaipur,10927,1157
2026-09-11,PLASTIC_MIXED,Jaipur,11158,276
2026-09-12,PLASTIC_MIXED,Jaipur,11297,615
2026-09-13,PLASTIC_MIXED,Jaipur,11386,2472
2026-09-14,PLASTIC_MIXED,Jaipur,11438,714
2026-09-15,PLASTIC_MIXED,Jaipur,11193,1866
2026-09-16,PLASTIC_MIXED,Jaipur,10957,2249
2026-09-17,PLASTIC_MIXED,Jaipur,10765,783
2026-09-18,PLASTIC_MIXED,Jaipur,10818,888
2026-06-21,BATTERY_PB,Mumbai,23660,2401
2026-06-22,BATTERY_PB,Mumbai,23981,2473
2026-06-23,BATTERY_PB,Mumbai,23572,204
2026-06-24,BATTERY_PB,Mumbai,23329,1384
2026-06-25,BATTERY_PB,Mumbai,23233,885
2026-06-26,BATTERY_PB,Mumbai,23083,2175
2026-06-27,BATTERY_PB,Mumbai,23373,1227
2026-06-28,BATTERY_PB,Mumbai,23980,1757
2026-06-29,BATTERY_PB,Mumbai,24340,1071
2026-06-30,BATTERY_PB,Mumbai,24020,2290
2026-07-01,BATTERY_PB,Mumbai,23397,861
2026-07-02,BATTERY_PB,Mumbai,23361,486
2026-07-03,BATTERY_PB,Mumbai,23423,1819
2026-07-04,BATTERY_PB,Mumbai,24021,772
2026-07-05,BATTERY_PB,Mumbai,24562,1344
2026-07-06,BATTERY_PB,Mumbai,24841,1063
2026-07-07,BATTERY_PB,Mumbai,24533,1503
2026-07-08,BATTERY_PB,Mumbai,24332,1603
2026-07-09,BATTERY_PB,Mumbai,24218,2054
2026-07-10,BATTERY_PB,Mumbai,24262,1517
2026-07-11,BATTERY_PB,Mumbai,24618,2083
2026-07-12,BATTERY_PB,Mumbai,25347,1545
2026-07-13,BATTERY_PB,Mumbai,24979,747
2026-07-14,BATTERY_PB,Mumbai,24696,208
2026-07-15,BATTERY_PB,Mumbai,24294,217
2026-07-16,BATTERY_PB,Mumbai,24373,910
2026-07-17,BATTERY_PB,Mumbai,24521,2202
2026-07-18,BATTERY_PB,Mumbai,25195,2404
2026-07-19,BATTERY_PB,Mumbai,25268,517
2026-07-20,BATTERY_PB,Mumbai,25297,2023
2026-07-21,BATTERY_PB,Mumbai,25030,1645
2026-07-22,BATTERY_PB,Mumbai,24890,1741
2026-07-23,BATTERY_PB,Mumbai,24916,1666
2026-07-24,BATTERY_PB,Mumbai,25047,234
2026-07-25,BATTERY_PB,Mumbai,25248,1717
2026-07-26,BATTERY_PB,Mumbai,25978,2020
2026-07-27,BATTERY_PB,Mumbai,25596,281
2026-07-28,BATTERY_PB,Mumbai,25391,1665
2026-07-29,BATTERY_PB,Mumbai,24666,1441
2026-07-30,BATTERY_PB,Mumbai,24678,1105
2026-07-31,BATTERY_PB,Mumbai,24694,2222
2026-08-01,BATTERY_PB,Mumbai,25528,350
2026-08-02,BATTERY_PB,Mumbai,25757,1056
2026-08-03,BATTERY_PB,Mumbai,25376,1822
2026-08-04,BATTERY_PB,Mumbai,24687,1336
2026-08-05,BATTERY_PB,Mumbai,24256,2223
2026-08-06,BATTERY_PB,Mumbai,23808,993
2026-08-07,BATTERY_PB,Mumbai,24130,918
2026-08-08,BATTERY_PB,Mumbai,24279,725
2026-08-09,BATTERY_PB,Mumbai,24841,721
2026-08-10,BATTERY_PB,Mumbai,24662,1133
2026-08-11,BATTERY_PB,Mumbai,24554,1323
2026-08-12,BATTERY_PB,Mumbai,23852,294
2026-08-13,BATTERY_PB,Mumbai,23994,2382
2026-08-14,BATTERY_PB,Mumbai,24286,2494
2026-08-15,BATTERY_PB,Mumbai,25044,208
2026-08-16,BATTERY_PB,Mumbai,25770,412
2026-08-17,BATTERY_PB,Mumbai,26043,1523
2026-08-18,BATTERY_PB,Mumbai,25584,1866
2026-08-19,BATTERY_PB,Mumbai,24915,2322
2026-08-20,BATTERY_PB,Mumbai,24674,1680
2026-08-21,BATTERY_PB,Mumbai,24901,378
2026-08-22,BATTERY_PB,Mumbai,25679,1119
2026-08-23,BATTERY_PB,Mumbai,25726,1920
2026-08-24,BATTERY_PB,Mumbai,25751,1495
2026-08-25,BATTERY_PB,Mumbai,24972,997
2026-08-26,BATTERY_PB,Mumbai,24364,303
2026-08-27,BATTERY_PB,Mumbai,24508,1124
2026-08-28,BATTERY_PB,Mumbai,25075,1935
2026-08-29,BATTERY_PB,Mumbai,25915,1223
2026-08-30,BATTERY_PB,Mumbai,26081,1548
2026-08-31,BATTERY_PB,Mumbai,25933,596
2026-09-01,BATTERY_PB,Mumbai,25166,1969
2026-09-02,BATTERY_PB,Mumbai,24903,1569
2026-09-03,BATTERY_PB,Mumbai,24939,1212
2026-09-04,BATTERY_PB,Mumbai,24860,1176
2026-09-05,BATTERY_PB,Mumbai,25693,422
2026-09-06,BATTERY_PB,Mumbai,26347,2328
2026-09-07,BATTERY_PB,Mumbai,26579,498
2026-09-08,BATTERY_PB,Mumbai,26380,1996
2026-09-09,BATTERY_PB,Mumbai,26071,2028
2026-09-10,BATTERY_PB,Mumbai,25906,550
2026-09-11,BATTERY_PB,Mumbai,26502,336
2026-09-12,BATTERY_PB,Mumbai,26920,466
2026-09-13,BATTERY_PB,Mumbai,27572,453
2026-09-14,BATTERY_PB,Mumbai,27919,2010
2026-09-15,BATTERY_PB,Mumbai,27115,1968
2026-09-16,BATTERY_PB,Mumbai,26240,428
2026-09-17,BATTERY_PB,Mumbai,26059,1407
2026-09-18,BATTERY_PB,Mumbai,26561,1845
2026-06-21,BATTERY_PB,Delhi,22515,1883
2026-06-22,BATTERY_PB,Delhi,22334,243
2026-06-23,BATTERY_PB,Delhi,21954,2101
2026-06-24,BATTERY_PB,Delhi,21717,614
2026-06-25,BATTERY_PB,Delhi,21425,306
2026-06-26,BATTERY_PB,Delhi,21581,1544
2026-06-27,BATTERY_PB,Delhi,22060,642
2026-06-28,BATTERY_PB,Delhi,22138,476
2026-06-29,BATTERY_PB,Delhi,22199,993
2026-06-30,BATTERY_PB,Delhi,22117,716
2026-07-01,BATTERY_PB,Delhi,21775,1249
2026-07-02,BATTERY_PB,Delhi,21493,2171
2026-07-03,BATTERY_PB,Delhi,21825,2021
2026-07-04,BATTERY_PB,Delhi,22041,763
2026-07-05,BATTERY_PB,Delhi,22585,447
2026-07-06,BATTERY_PB,Delhi,22333,1985
2026-07-07,BATTERY_PB,Delhi,21993,1665
2026-07-08,BATTERY_PB,Delhi,21442,2416
2026-07-09,BATTERY_PB,Delhi,21431,803
2026-07-10,BATTERY_PB,Delhi,21597,1604
2026-07-11,BATTERY_PB,Delhi,21881,233
2026-07-12,BATTERY_PB,Delhi,22234,792
2026-07-13,BATTERY_PB,Delhi,21939,2277
2026-07-14,BATTERY_PB,Delhi,21803,2491
2026-07-15,BATTERY_PB,Delhi,21608,1928
2026-07-16,BATTERY_PB,Delhi,21320,1020
2026-07-17,BATTERY_PB,Delhi,21596,1024
2026-07-18,BATTERY_PB,Delhi,22205,1598
2026-07-19,BATTERY_PB,Delhi,22342,2148
2026-07-20,BATTERY_PB,Delhi,22473,2114
2026-07-21,BATTERY_PB,Delhi,22188,1556
2026-07-22,BATTERY_PB,Delhi,21985,1574
2026-07-23,BATTERY_PB,Delhi,21870,1914
2026-07-24,BATTERY_PB,Delhi,21946,629
2026-07-25,BATTERY_PB,Delhi,22343,372
2026-07-26,BATTERY_PB,Delhi,22690,215
2026-07-27,BATTERY_PB,Delhi,22784,1143
2026-07-28,BATTERY_PB,Delhi,22406,1073
2026-07-29,BATTERY_PB,Delhi,21797,1557
2026-07-30,BATTERY_PB,Delhi,21807,1739
2026-07-31,BATTERY_PB,Delhi,21802,954
2026-08-01,BATTERY_PB,Delhi,22444,227
2026-08-02,BATTERY_PB,Delhi,22701,502
2026-08-03,BATTERY_PB,Delhi,22605,2472
2026-08-04,BATTERY_PB,Delhi,21994,1390
2026-08-05,BATTERY_PB,Delhi,21527,1674
2026-08-06,BATTERY_PB,Delhi,21048,321
2026-08-07,BATTERY_PB,Delhi,21039,1363
2026-08-08,BATTERY_PB,Delhi,21240,1273
2026-08-09,BATTERY_PB,Delhi,21713,1591
2026-08-10,BATTERY_PB,Delhi,21940,1207
2026-08-11,BATTERY_PB,Delhi,21388,288
2026-08-12,BATTERY_PB,Delhi,20767,1272
2026-08-13,BATTERY_PB,Delhi,20841,285
2026-08-14,BATTERY_PB,Delhi,21231,762
2026-08-15,BATTERY_PB,Delhi,21566,654
2026-08-16,BATTERY_PB,Delhi,21797,1061
2026-08-17,BATTERY_PB,Delhi,21670,1183
2026-08-18,BATTERY_PB,Delhi,21247,1725
2026-08-19,BATTERY_PB,Delhi,20934,2358
2026-08-20,BATTERY_PB,Delhi,21049,1976
2026-08-21,BATTERY_PB,Delhi,21473,467
2026-08-22,BATTERY_PB,Delhi,21641,735
2026-08-23,BATTERY_PB,Delhi,22174,985
2026-08-24,BATTERY_PB,Delhi,22195,1732
2026-08-25,BATTERY_PB,Delhi,21729,1959
2026-08-26,BATTERY_PB,Delhi,21610,1201
2026-08-27,BATTERY_PB,Delhi,21693,974
2026-08-28,BATTERY_PB,Delhi,22114,1404
2026-08-29,BATTERY_PB,Delhi,22741,1542
2026-08-30,BATTERY_PB,Delhi,22922,1347
2026-08-31,BATTERY_PB,Delhi,23178,2281
2026-09-01,BATTERY_PB,Delhi,23136,2202
2026-09-02,BATTERY_PB,Delhi,22487,533
2026-09-03,BATTERY_PB,Delhi,22482,465
2026-09-04,BATTERY_PB,Delhi,22451,1789
2026-09-05,BATTERY_PB,Delhi,23062,2285
2026-09-06,BATTERY_PB,Delhi,23334,2325
2026-09-07,BATTERY_PB,Delhi,23309,1518
2026-09-08,BATTERY_PB,Delhi,23091,2352
2026-09-09,BATTERY_PB,Delhi,22772,2226
2026-09-10,BATTERY_PB,Delhi,22557,1842
2026-09-11,BATTERY_PB,Delhi,22847,349
2026-09-12,BATTERY_PB,Delhi,23088,1031
2026-09-13,BATTERY_PB,Delhi,23415,1160
2026-09-14,BATTERY_PB,Delhi,23342,1453
2026-09-15,BATTERY_PB,Delhi,22925,1744
2026-09-16,BATTERY_PB,Delhi,22527,1732
2026-09-17,BATTERY_PB,Delhi,22167,547
2026-09-18,BATTERY_PB,Delhi,22114,544
2026-06-21,BATTERY_PB,Bengaluru,21762,2325
2026-06-22,BATTERY_PB,Bengaluru,21666,368
2026-06-23,BATTERY_PB,Bengaluru,21305,1577
2026-06-24,BATTERY_PB,Bengaluru,20843,2115
2026-06-25,BATTERY_PB,Bengaluru,20620,1705
2026-06-26,BATTERY_PB,Bengaluru,20989,1498
2026-06-27,BATTERY_PB,Bengaluru,21253,301
2026-06-28,BATTERY_PB,Bengaluru,21377,1157
2026-06-29,BATTERY_PB,Bengaluru,21227,510
2026-06-30,BATTERY_PB,Bengaluru,20807,537
2026-07-01,BATTERY_PB,Bengaluru,20275,2255
2026-07-02,BATTERY_PB,Bengaluru,20107,520
2026-07-03,BATTERY_PB,Bengaluru,20456,1132
2026-07-04,BATTERY_PB,Bengaluru,20603,492
2026-07-05,BATTERY_PB,Bengaluru,20838,2436
2026-07-06,BATTERY_PB,Bengaluru,20650,1005
2026-07-07,BATTERY_PB,Bengaluru,20434,1224
2026-07-08,BATTERY_PB,Bengaluru,19917,1324
2026-07-09,BATTERY_PB,Bengaluru,19561,764
2026-07-10,BATTERY_PB,Bengaluru,20026,2424
2026-07-11,BATTERY_PB,Bengaluru,20669,234
2026-07-12,BATTERY_PB,Bengaluru,21162,1354
2026-07-13,BATTERY_PB,Bengaluru,21367,1854
2026-07-14,BATTERY_PB,Bengaluru,21314,248
2026-07-15,BATTERY_PB,Bengaluru,20881,2299
2026-07-16,BATTERY_PB,Bengaluru,21004,811
2026-07-17,BATTERY_PB,Bengaluru,21418,1132
2026-07-18,BATTERY_PB,Bengaluru,21657,1059
2026-07-19,BATTERY_PB,Bengaluru,21979,2312
2026-07-20,BATTERY_PB,Bengaluru,22036,2463
2026-07-21,BATTERY_PB,Bengaluru,21859,2089
2026-07-22,BATTERY_PB,Bengaluru,21330,551
2026-07-23,BATTERY_PB,Bengaluru,21027,969
2026-07-24,BATTERY_PB,Bengaluru,21164,1910
2026-07-25,BATTERY_PB,Bengaluru,21388,2043
2026-07-26,BATTERY_PB,Bengaluru,21953,323
2026-07-27,BATTERY_PB,Bengaluru,21870,725
2026-07-28,BATTERY_PB,Bengaluru,21403,239
2026-07-29,BATTERY_PB,Bengaluru,20985,1652
2026-07-30,BATTERY_PB,Bengaluru,20703,1916
2026-07-31,BATTERY_PB,Bengaluru,20836,1852
2026-08-01,BATTERY_PB,Bengaluru,21410,2402
2026-08-02,BATTERY_PB,Bengaluru,21614,295
2026-08-03,BATTERY_PB,Bengaluru,21658,331
2026-08-04,BATTERY_PB,Bengaluru,21589,829
2026-08-05,BATTERY_PB,Bengaluru,21472,1552
2026-08-06,BATTERY_PB,Bengaluru,21329,1801
2026-08-07,BATTERY_PB,Bengaluru,21824,1036
2026-08-08,BATTERY_PB,Bengaluru,22549,460
2026-08-09,BATTERY_PB,Bengaluru,22925,971
2026-08-10,BATTERY_PB,Bengaluru,22908,1546
2026-08-11,BATTERY_PB,Bengaluru,22597,2049
2026-08-12,BATTERY_PB,Bengaluru,22248,1447
2026-08-13,BATTERY_PB,Bengaluru,21786,627
2026-08-14,BATTERY_PB,Bengaluru,22091,927
2026-08-15,BATTERY_PB,Bengaluru,22205,2201
2026-08-16,BATTERY_PB,Bengaluru,22232,1015
2026-08-17,BATTERY_PB,Bengaluru,21945,1780
2026-08-18,BATTERY_PB,Bengaluru,21462,1154
2026-08-19,BATTERY_PB,Bengaluru,20911,2347
2026-08-20,BATTERY_PB,Bengaluru,20463,435
2026-08-21,BATTERY_PB,Bengaluru,20559,245
2026-08-22,BATTERY_PB,Bengaluru,20753,1882
2026-08-23,BATTERY_PB,Bengaluru,21009,653
2026-08-24,BATTERY_PB,Bengaluru,20775,1913
2026-08-25,BATTERY_PB,Bengaluru,20437,481
2026-08-26,BATTERY_PB,Bengaluru,19972,1045
2026-08-27,BATTERY_PB,Bengaluru,19579,1042
2026-08-28,BATTERY_PB,Bengaluru,19636,2144
2026-08-29,BATTERY_PB,Bengaluru,19814,1471
2026-08-30,BATTERY_PB,Bengaluru,20176,2258
2026-08-31,BATTERY_PB,Bengaluru,20308,2079
2026-09-01,BATTERY_PB,Bengaluru,19855,230
2026-09-02,BATTERY_PB,Bengaluru,19755,2025
2026-09-03,BATTERY_PB,Bengaluru,19328,1835
2026-09-04,BATTERY_PB,Bengaluru,19557,1211
2026-09-05,BATTERY_PB,Bengaluru,19953,2210
2026-09-06,BATTERY_PB,Bengaluru,20241,360
2026-09-07,BATTERY_PB,Bengaluru,20385,1379
2026-09-08,BATTERY_PB,Bengaluru,20155,2069
2026-09-09,BATTERY_PB,Bengaluru,19671,1418
2026-09-10,BATTERY_PB,Bengaluru,19436,917
2026-09-11,BATTERY_PB,Bengaluru,19555,935
2026-09-12,BATTERY_PB,Bengaluru,20176,1969
2026-09-13,BATTERY_PB,Bengaluru,20465,951
2026-09-14,BATTERY_PB,Bengaluru,20587,591
2026-09-15,BATTERY_PB,Bengaluru,20200,378
2026-09-16,BATTERY_PB,Bengaluru,19652,846
2026-09-17,BATTERY_PB,Bengaluru,19349,2402
2026-09-18,BATTERY_PB,Bengaluru,19395,473
2026-06-21,BATTERY_PB,Pune,22477,1089
2026-06-22,BATTERY_PB,Pune,22752,1884
2026-06-23,BATTERY_PB,Pune,22727,2464
2026-06-24,BATTERY_PB,Pune,22031,1710
2026-06-25,BATTERY_PB,Pune,21562,630
2026-06-26,BATTERY_PB,Pune,21752,1535
2026-06-27,BATTERY_PB,Pune,22117,875
2026-06-28,BATTERY_PB,Pune,22296,2272
2026-06-29,BATTERY_PB,Pune,21991,309
2026-06-30,BATTERY_PB,Pune,21370,2091
2026-07-01,BATTERY_PB,Pune,20879,1835
2026-07-02,BATTERY_PB,Pune,20919,1824
2026-07-03,BATTERY_PB,Pune,20808,1226
2026-07-04,BATTERY_PB,Pune,20968,759
2026-07-05,BATTERY_PB,Pune,21186,2101
2026-07-06,BATTERY_PB,Pune,21176,479
2026-07-07,BATTERY_PB,Pune,20584,1192
2026-07-08,BATTERY_PB,Pune,20312,1992
2026-07-09,BATTERY_PB,Pune,19918,1343
2026-07-10,BATTERY_PB,Pune,20297,898
2026-07-11,BATTERY_PB,Pune,20903,611
2026-07-12,BATTERY_PB,Pune,21024,708
2026-07-13,BATTERY_PB,Pune,21046,1800
2026-07-14,BATTERY_PB,Pune,20511,245
2026-07-15,BATTERY_PB,Pune,20218,828
2026-07-16,BATTERY_PB,Pune,20007,928
2026-07-17,BATTERY_PB,Pune,20009,341
2026-07-18,BATTERY_PB,Pune,20639,2380
2026-07-19,BATTERY_PB,Pune,20783,395
2026-07-20,BATTERY_PB,Pune,20993,2341
2026-07-21,BATTERY_PB,Pune,20752,621
2026-07-22,BATTERY_PB,Pune,20281,1462
2026-07-23,BATTERY_PB,Pune,20071,219
2026-07-24,BATTERY_PB,Pune,19971,1745
2026-07-25,BATTERY_PB,Pune,20524,1222
2026-07-26,BATTERY_PB,Pune,20766,1177
2026-07-27,BATTERY_PB,Pune,20579,265
2026-07-28,BATTERY_PB,Pune,20210,259
2026-07-29,BATTERY_PB,Pune,19719,987
2026-07-30,BATTERY_PB,Pune,19654,458
2026-07-31,BATTERY_PB,Pune,19658,595
2026-08-01,BATTERY_PB,Pune,20220,887
2026-08-02,BATTERY_PB,Pune,20674,380
2026-08-03,BATTERY_PB,Pune,20622,641
2026-08-04,BATTERY_PB,Pune,20491,1521
2026-08-05,BATTERY_PB,Pune,20129,976
2026-08-06,BATTERY_PB,Pune,20029,2418
2026-08-07,BATTERY_PB,Pune,20139,1952
2026-08-08,BATTERY_PB,Pune,20299,1075
2026-08-09,BATTERY_PB,Pune,20372,1524
2026-08-10,BATTERY_PB,Pune,20173,1847
2026-08-11,BATTERY_PB,Pune,19949,249
2026-08-12,BATTERY_PB,Pune,19495,2079
2026-08-13,BATTERY_PB,Pune,19164,1340
2026-08-14,BATTERY_PB,Pune,19417,1711
2026-08-15,BATTERY_PB,Pune,19525,1095
2026-08-16,BATTERY_PB,Pune,19777,2246
2026-08-17,BATTERY_PB,Pune,20064,617
2026-08-18,BATTERY_PB,Pune,19876,902
2026-08-19,BATTERY_PB,Pune,19343,588
2026-08-20,BATTERY_PB,Pune,19233,1791
2026-08-21,BATTERY_PB,Pune,19503,744
2026-08-22,BATTERY_PB,Pune,19783,1502
2026-08-23,BATTERY_PB,Pune,20381,2174
2026-08-24,BATTERY_PB,Pune,20116,272
2026-08-25,BATTERY_PB,Pune,19866,2038
2026-08-26,BATTERY_PB,Pune,19410,1152
2026-08-27,BATTERY_PB,Pune,19244,254
2026-08-28,BATTERY_PB,Pune,19255,708
2026-08-29,BATTERY_PB,Pune,19518,1955
2026-08-30,BATTERY_PB,Pune,19976,525
2026-08-31,BATTERY_PB,Pune,19712,1734
2026-09-01,BATTERY_PB,Pune,19403,1027
2026-09-02,BATTERY_PB,Pune,18826,1037
2026-09-03,BATTERY_PB,Pune,18742,1175
2026-09-04,BATTERY_PB,Pune,19145,2017
2026-09-05,BATTERY_PB,Pune,19659,1546
2026-09-06,BATTERY_PB,Pune,19747,1500
2026-09-07,BATTERY_PB,Pune,19832,362
2026-09-08,BATTERY_PB,Pune,19534,1899
2026-09-09,BATTERY_PB,Pune,19238,1381
2026-09-10,BATTERY_PB,Pune,19215,1138
2026-09-11,BATTERY_PB,Pune,19583,1556
2026-09-12,BATTERY_PB,Pune,19871,1043
2026-09-13,BATTERY_PB,Pune,20205,1217
2026-09-14,BATTERY_PB,Pune,20388,1111
2026-09-15,BATTERY_PB,Pune,20134,1762
2026-09-16,BATTERY_PB,Pune,19754,951
2026-09-17,BATTERY_PB,Pune,19549,224
2026-09-18,BATTERY_PB,Pune,19461,2213
2026-06-21,BATTERY_PB,Nagpur,20953,988
2026-06-22,BATTERY_PB,Nagpur,20671,779
2026-06-23,BATTERY_PB,Nagpur,20616,714
2026-06-24,BATTERY_PB,Nagpur,19966,2448
2026-06-25,BATTERY_PB,Nagpur,19990,1037
2026-06-26,BATTERY_PB,Nagpur,20004,520
2026-06-27,BATTERY_PB,Nagpur,20348,2113
2026-06-28,BATTERY_PB,Nagpur,20550,1009
2026-06-29,BATTERY_PB,Nagpur,20393,922
2026-06-30,BATTERY_PB,Nagpur,20137,1441
2026-07-01,BATTERY_PB,Nagpur,19618,2036
2026-07-02,BATTERY_PB,Nagpur,19720,1024
2026-07-03,BATTERY_PB,Nagpur,19755,2170
2026-07-04,BATTERY_PB,Nagpur,19887,1672
2026-07-05,BATTERY_PB,Nagpur,20136,887
2026-07-06,BATTERY_PB,Nagpur,20118,1931
2026-07-07,BATTERY_PB,Nagpur,19807,1975
2026-07-08,BATTERY_PB,Nagpur,19572,2174
2026-07-09,BATTERY_PB,Nagpur,19123,1762
2026-07-10,BATTERY_PB,Nagpur,19247,540
2026-07-11,BATTERY_PB,Nagpur,19775,1429
2026-07-12,BATTERY_PB,Nagpur,20141,825
2026-07-13,BATTERY_PB,Nagpur,20173,919
2026-07-14,BATTERY_PB,Nagpur,19713,2099
2026-07-15,BATTERY_PB,Nagpur,19216,1360
2026-07-16,BATTERY_PB,Nagpur,18978,2169
2026-07-17,BATTERY_PB,Nagpur,18897,759
2026-07-18,BATTERY_PB,Nagpur,19389,1001
2026-07-19,BATTERY_PB,Nagpur,19489,976
2026-07-20,BATTERY_PB,Nagpur,19199,2250
2026-07-21,BATTERY_PB,Nagpur,19029,1732
2026-07-22,BATTERY_PB,Nagpur,18653,1903
2026-07-23,BATTERY_PB,Nagpur,18736,1728
2026-07-24,BATTERY_PB,Nagpur,18833,1460
2026-07-25,BATTERY_PB,Nagpur,19281,491
2026-07-26,BATTERY_PB,Nagpur,19529,359
2026-07-27,BATTERY_PB,Nagpur,19817,709
2026-07-28,BATTERY_PB,Nagpur,19440,865
2026-07-29,BATTERY_PB,Nagpur,18886,1987
2026-07-30,BATTERY_PB,Nagpur,18979,1627
2026-07-31,BATTERY_PB,Nagpur,19149,2201
2026-08-01,BATTERY_PB,Nagpur,19602,1708
2026-08-02,BATTERY_PB,Nagpur,20026,1778
2026-08-03,BATTERY_PB,Nagpur,20282,1210
2026-08-04,BATTERY_PB,Nagpur,19810,341
2026-08-05,BATTERY_PB,Nagpur,19670,1680
2026-08-06,BATTERY_PB,Nagpur,19576,315
2026-08-07,BATTERY_PB,Nagpur,19862,805
2026-08-08,BATTERY_PB,Nagpur,20105,2065
2026-08-09,BATTERY_PB,Nagpur,20691,803
2026-08-10,BATTERY_PB,Nagpur,20539,861
2026-08-11,BATTERY_PB,Nagpur,19922,578
2026-08-12,BATTERY_PB,Nagpur,19618,1774
2026-08-13,BATTERY_PB,Nagpur,19388,529
2026-08-14,BATTERY_PB,Nagpur,19567,973
2026-08-15,BATTERY_PB,Nagpur,20174,879
2026-08-16,BATTERY_PB,Nagpur,20692,1235
2026-08-17,BATTERY_PB,Nagpur,20811,2250
2026-08-18,BATTERY_PB,Nagpur,20773,1767
2026-08-19,BATTERY_PB,Nagpur,20421,1885
2026-08-20,BATTERY_PB,Nagpur,20397,564
2026-08-21,BATTERY_PB,Nagpur,20332,1610
2026-08-22,BATTERY_PB,Nagpur,20924,1301
2026-08-23,BATTERY_PB,Nagpur,21410,1830
2026-08-24,BATTERY_PB,Nagpur,21538,226
2026-08-25,BATTERY_PB,Nagpur,21511,2214
2026-08-26,BATTERY_PB,Nagpur,20776,486
2026-08-27,BATTERY_PB,Nagpur,20765,1911
2026-08-28,BATTERY_PB,Nagpur,20961,1381
2026-08-29,BATTERY_PB,Nagpur,21519,898
2026-08-30,BATTERY_PB,Nagpur,21643,963
2026-08-31,BATTERY_PB,Nagpur,21776,1011
2026-09-01,BATTERY_PB,Nagpur,21427,2258
2026-09-02,BATTERY_PB,Nagpur,21291,2045
2026-09-03,BATTERY_PB,Nagpur,21149,1070
2026-09-04,BATTERY_PB,Nagpur,21131,441
2026-09-05,BATTERY_PB,Nagpur,21705,985
2026-09-06,BATTERY_PB,Nagpur,21885,1874
2026-09-07,BATTERY_PB,Nagpur,21846,647
2026-09-08,BATTERY_PB,Nagpur,21742,880
2026-09-09,BATTERY_PB,Nagpur,21050,551
2026-09-10,BATTERY_PB,Nagpur,20791,1333
2026-09-11,BATTERY_PB,Nagpur,20697,321
2026-09-12,BATTERY_PB,Nagpur,21155,2157
2026-09-13,BATTERY_PB,Nagpur,21476,612
2026-09-14,BATTERY_PB,Nagpur,21160,1289
2026-09-15,BATTERY_PB,Nagpur,20986,229
2026-09-16,BATTERY_PB,Nagpur,20679,371
2026-09-17,BATTERY_PB,Nagpur,20252,2339
2026-09-18,BATTERY_PB,Nagpur,20606,1738
2026-06-21,BATTERY_PB,Jaipur,21741,1288
2026-06-22,BATTERY_PB,Jaipur,22022,2138
2026-06-23,BATTERY_PB,Jaipur,21845,1959
2026-06-24,BATTERY_PB,Jaipur,21314,1605
2026-06-25,BATTERY_PB,Jaipur,21446,1181
2026-06-26,BATTERY_PB,Jaipur,21918,1832
2026-06-27,BATTERY_PB,Jaipur,22264,434
2026-06-28,BATTERY_PB,Jaipur,22935,1552
2026-06-29,BATTERY_PB,Jaipur,23145,212
2026-06-30,BATTERY_PB,Jaipur,22754,1845
2026-07-01,BATTERY_PB,Jaipur,22461,768
2026-07-02,BATTERY_PB,Jaipur,21949,703
2026-07-03,BATTERY_PB,Jaipur,22385,1344
2026-07-04,BATTERY_PB,Jaipur,23130,1218
2026-07-05,BATTERY_PB,Jaipur,23399,2146
2026-07-06,BATTERY_PB,Jaipur,23410,969
2026-07-07,BATTERY_PB,Jaipur,22700,1519
2026-07-08,BATTERY_PB,Jaipur,21935,1675
2026-07-09,BATTERY_PB,Jaipur,21988,1533
2026-07-10,BATTERY_PB,Jaipur,22297,1156
2026-07-11,BATTERY_PB,Jaipur,22805,1839
2026-07-12,BATTERY_PB,Jaipur,23327,533
2026-07-13,BATTERY_PB,Jaipur,23221,2150
2026-07-14,BATTERY_PB,Jaipur,23192,611
2026-07-15,BATTERY_PB,Jaipur,22900,1403
2026-07-16,BATTERY_PB,Jaipur,22774,786
2026-07-17,BATTERY_PB,Jaipur,23226,2266
2026-07-18,BATTERY_PB,Jaipur,23347,2239
2026-07-19,BATTERY_PB,Jaipur,23923,1434
2026-07-20,BATTERY_PB,Jaipur,24161,2447
2026-07-21,BATTERY_PB,Jaipur,24131,2112
2026-07-22,BATTERY_PB,Jaipur,23425,2027
2026-07-23,BATTERY_PB,Jaipur,23539,2174
2026-07-24,BATTERY_PB,Jaipur,23859,1186
2026-07-25,BATTERY_PB,Jaipur,24137,898
2026-07-26,BATTERY_PB,Jaipur,24701,566
2026-07-27,BATTERY_PB,Jaipur,24408,319
2026-07-28,BATTERY_PB,Jaipur,23782,1537
2026-07-29,BATTERY_PB,Jaipur,23600,1348
2026-07-30,BATTERY_PB,Jaipur,23199,1255
2026-07-31,BATTERY_PB,Jaipur,23516,704
2026-08-01,BATTERY_PB,Jaipur,24094,2389
2026-08-02,BATTERY_PB,Jaipur,24569,2215
2026-08-03,BATTERY_PB,Jaipur,24267,1563
2026-08-04,BATTERY_PB,Jaipur,24154,464
2026-08-05,BATTERY_PB,Jaipur,23785,1744
2026-08-06,BATTERY_PB,Jaipur,23869,1763
2026-08-07,BATTERY_PB,Jaipur,24187,1989
2026-08-08,BATTERY_PB,Jaipur,24887,1115
2026-08-09,BATTERY_PB,Jaipur,25094,1391
2026-08-10,BATTERY_PB,Jaipur,24783,565
2026-08-11,BATTERY_PB,Jaipur,24279,970
2026-08-12,BATTERY_PB,Jaipur,23980,675
2026-08-13,BATTERY_PB,Jaipur,23824,721
2026-08-14,BATTERY_PB,Jaipur,24285,1757
2026-08-15,BATTERY_PB,Jaipur,24816,206
2026-08-16,BATTERY_PB,Jaipur,25061,2393
2026-08-17,BATTERY_PB,Jaipur,24828,1789
2026-08-18,BATTERY_PB,Jaipur,24791,1509
2026-08-19,BATTERY_PB,Jaipur,24506,717
2026-08-20,BATTERY_PB,Jaipur,24308,1109
2026-08-21,BATTERY_PB,Jaipur,24229,237
2026-08-22,BATTERY_PB,Jaipur,24730,2086
2026-08-23,BATTERY_PB,Jaipur,24978,1415
2026-08-24,BATTERY_PB,Jaipur,25231,2247
2026-08-25,BATTERY_PB,Jaipur,24970,803
2026-08-26,BATTERY_PB,Jaipur,24558,797
2026-08-27,BATTERY_PB,Jaipur,24525,340
2026-08-28,BATTERY_PB,Jaipur,24811,1465
2026-08-29,BATTERY_PB,Jaipur,25297,705
2026-08-30,BATTERY_PB,Jaipur,25518,2159
2026-08-31,BATTERY_PB,Jaipur,25618,1083
2026-09-01,BATTERY_PB,Jaipur,25214,1742
2026-09-02,BATTERY_PB,Jaipur,24395,1564
2026-09-03,BATTERY_PB,Jaipur,23931,1062
2026-09-04,BATTERY_PB,Jaipur,24391,1121
2026-09-05,BATTERY_PB,Jaipur,25016,415
2026-09-06,BATTERY_PB,Jaipur,25730,933
2026-09-07,BATTERY_PB,Jaipur,26005,1804
2026-09-08,BATTERY_PB,Jaipur,25444,852
2026-09-09,BATTERY_PB,Jaipur,25316,2444
2026-09-10,BATTERY_PB,Jaipur,25015,1930
2026-09-11,BATTERY_PB,Jaipur,25367,1626
2026-09-12,BATTERY_PB,Jaipur,26061,1801
2026-09-13,BATTERY_PB,Jaipur,26129,1359
2026-09-14,BATTERY_PB,Jaipur,25958,999
2026-09-15,BATTERY_PB,Jaipur,25707,2444
2026-09-16,BATTERY_PB,Jaipur,25125,736
2026-09-17,BATTERY_PB,Jaipur,24775,421
2026-09-18,BATTERY_PB,Jaipur,25252,1445
